customer_id,name,email,age,gender,city,total_purchases,total_spent,last_purchase_date,preferred_category
1,Amber King,kelly43@example.net,56,Other,Ericaport,10,1675.59,2023-10-04,Gaming
2,Sandra Olson,tiffany57@example.net,69,Male,Riveraport,20,3717.54,2024-03-23,Accessories
3,Kimberly Good,chernandez@example.org,46,Male,Port Gregbury,25,803.8,2023-10-04,Gaming
4,Ashley Pope,munozpaula@example.net,32,Other,Gregoryfurt,24,4089.84,2023-08-10,Gaming
5,Sylvia Robbins,marshallandrea@example.com,60,Female,Davisshire,21,4160.67,2024-05-07,Gaming
6,Jonathan Miller,veronica32@example.net,25,Male,Port Kennethfurt,26,2537.34,2023-09-19,Software
7,Cynthia Sims,mmartinez@example.com,78,Male,West Christinaville,48,31.93,2024-05-17,Gaming
8,Noah Fowler,ryanwilliams@example.com,38,Male,Daltonberg,12,1435.19,2024-03-12,Software
9,Gregory Robinson,markgonzalez@example.org,56,Other,Biancaport,32,3084.63,2023-10-10,Electronics
10,James Morris,edgarcruz@example.org,75,Male,Katherinehaven,33,4905.93,2023-12-31,Electronics
11,Erin Franklin,kaylee60@example.net,36,Other,East Christopher,40,3159.07,2024-06-24,Accessories
12,Jennifer Burns,parsonsteresa@example.org,40,Other,Crystalside,34,1299.02,2024-01-03,Accessories
13,Dr. Robert Nichols,jenniferalexander@example.net,28,Other,Port Jillianfort,0,3170.03,2023-07-14,Software
14,Madison Payne,stephanie83@example.com,28,Male,Fosterland,20,2699.93,2023-10-06,Electronics
15,Max Campbell,vanessa90@example.com,41,Other,Smithfurt,47,3899.23,2024-05-27,Accessories
16,Christopher Reed,flemingjustin@example.com,70,Female,Port Marissaport,5,534.9,2024-01-13,Accessories
17,Mary Sullivan,christine60@example.com,53,Male,Lisamouth,27,3805.14,2024-02-24,Accessories
18,Janet Ford,montesapril@example.org,57,Male,New Chad,16,2706.33,2024-05-03,Electronics
19,Carl Howe,utaylor@example.com,41,Male,West Christopher,4,4814.96,2023-07-07,Accessories
20,Mr. Joseph Wade,steelejennifer@example.net,20,Male,Michellebury,30,1709.36,2024-01-07,Electronics
21,James Ray,marquezjennifer@example.com,39,Male,East Cassandraside,4,3163.11,2024-02-05,Gaming
22,Emily Hall,seandavis@example.com,70,Other,Blairmouth,37,4660.14,2024-05-21,Gaming
23,Andrea Durham,powelleric@example.net,19,Other,Fritzshire,2,512.55,2023-08-14,Gaming
24,Miranda Hayes,lewisandrew@example.net,41,Male,Thomasville,22,4686.14,2023-10-11,Software
25,Anthony Parker,nmcdonald@example.com,61,Other,Jeremyhaven,36,3439.43,2023-11-13,Electronics
26,Jessica Scott,jamescain@example.org,47,Male,South Kyle,36,339.19,2023-11-28,Accessories
27,Melissa Haynes,coxbarbara@example.net,55,Other,Joshuatown,9,1504.82,2024-04-04,Software
28,Robert Smith,caseyblair@example.com,19,Other,Jesusberg,9,3540.86,2023-07-20,Software
29,Bryan Bridges,fbowman@example.org,77,Other,South Raymond,18,336.75,2023-08-09,Gaming
30,Randall Mcdaniel,donaldhinton@example.net,38,Other,Port Nicholas,16,2910.85,2023-12-10,Electronics
31,Ashley Martinez,jasminewalker@example.org,50,Female,North Bruce,20,1729.42,2023-12-23,Accessories
32,Jessica Burns,masseykristine@example.org,29,Male,Lake Shannonhaven,13,3104.58,2024-05-01,Software
33,Christina Perez,bethanyguzman@example.org,75,Female,Frazierport,8,228.71,2023-11-13,Accessories
34,Manuel Robertson,nicholas03@example.net,39,Other,East Nathanielfort,45,4357.68,2023-10-28,Gaming
35,Joseph Henderson,kayla29@example.com,78,Female,Delgadoburgh,0,4867.44,2024-06-01,Electronics
36,Angela Lyons,anita78@example.net,61,Male,Vasquezshire,44,4844.39,2024-06-02,Accessories
37,Andrew Lang,aadams@example.com,42,Male,North Christopherbury,12,3748.26,2023-12-15,Accessories
38,Sergio Lawson,hilleddie@example.com,66,Other,North Denisestad,3,650.43,2023-12-29,Software
39,Eric Sandoval,williamsongregory@example.com,44,Female,New Elizabethside,0,3791.32,2023-08-04,Accessories
40,Amy Smith,julie91@example.org,76,Female,Lake Heather,48,122.93,2024-03-24,Electronics
41,Mr. Corey Rodriguez DDS,nbray@example.net,59,Female,Christineport,39,110.62,2024-01-12,Electronics
42,William Roberts,ulewis@example.com,45,Male,Lukeborough,31,1618.05,2023-10-11,Accessories
43,Rhonda Tate,robertosborn@example.net,77,Male,New Joannestad,33,2443.22,2024-05-22,Software
44,Mathew Rowland,brewerkatherine@example.org,33,Female,East Amy,27,3852.04,2024-04-30,Software
45,Shannon Baker DVM,lauramack@example.net,32,Male,Benjaminport,30,3416.48,2024-06-26,Gaming
46,Michael Mckinney,jonathonwalsh@example.org,79,Male,Lake Brandon,7,2229.51,2023-12-15,Electronics
47,Marissa Brown,comptongregory@example.net,79,Female,South Melissastad,38,1368.13,2024-01-09,Gaming
48,Michael Frederick,sharoncook@example.org,64,Male,Rachelburgh,25,4985.62,2024-06-08,Software
49,Nicholas Smith,gpayne@example.com,79,Female,Gilberthaven,33,2130.91,2024-04-21,Gaming
50,John Carter,tanner82@example.net,68,Female,Raymouth,2,2256.94,2023-10-27,Software
51,Ashley Montgomery,ohughes@example.org,61,Other,Colemanmouth,49,818.12,2024-03-08,Gaming
52,Kevin Wilson,pattersonmichael@example.net,72,Female,Cunninghamshire,11,3974.05,2023-09-10,Gaming
53,Jacqueline Pollard,milleramy@example.com,69,Male,Port Joshuaville,0,3468.41,2023-12-20,Electronics
54,Justin Cole,anna81@example.com,74,Other,Johnmouth,43,1103.85,2023-10-26,Electronics
55,Dr. Michael Harris,cody31@example.com,20,Female,Gallowaymouth,4,411.91,2024-02-01,Gaming
56,Terry Doyle,zlopez@example.net,54,Other,East Mary,29,3402.5,2024-02-14,Software
57,Jordan Black,ostanley@example.com,68,Male,West Tinaberg,29,3272.56,2024-02-12,Software
58,Bonnie Hicks,karentucker@example.net,24,Female,Moranberg,16,1366.3,2024-05-11,Electronics
59,Barbara Miller,travis44@example.com,38,Male,Port Matthewview,47,4754.32,2024-04-30,Electronics
60,Robert Snyder,anthonyrebecca@example.net,26,Other,Aguilarmouth,46,755.29,2023-07-14,Accessories
61,John King,wsmith@example.com,56,Female,Port Andre,22,2161.67,2023-12-29,Electronics
62,Jeffrey Gross,carlsonlisa@example.org,35,Other,East Stanley,14,4718.08,2023-10-12,Software
63,Joshua Chavez,maryjohnson@example.com,21,Other,North Angelabury,36,2098.64,2024-01-10,Electronics
64,Mitchell Williams,darrengilbert@example.com,42,Female,New Henry,20,3192.63,2024-06-24,Accessories
65,Carlos Green,oortiz@example.net,77,Other,New Chad,13,1987.97,2024-03-07,Gaming
66,Mark Powell,fkrueger@example.com,31,Male,Williamshire,1,1371.08,2023-11-12,Gaming
67,Bryan Wilson,robertross@example.net,67,Other,Josephtown,10,4919.89,2023-12-10,Software
68,Tammy Lopez,wilsontyler@example.com,75,Male,Thomasview,38,2046.67,2023-07-16,Accessories
69,James Leach,irodriguez@example.com,26,Male,Benjaminhaven,37,4470.5,2023-12-18,Gaming
70,Matthew Brewer,robertparker@example.net,43,Other,Port Paul,33,1149.77,2023-07-15,Gaming
71,Donna Maddox,greenjames@example.org,70,Male,Port Jessica,37,1065.52,2024-03-01,Electronics
72,Jay Adams,boothtammy@example.org,19,Female,Port Jason,49,155.67,2024-02-19,Gaming
73,Penny Contreras,amberwolfe@example.org,37,Male,Timothymouth,33,3258.33,2023-08-13,Software
74,Evan White,cyang@example.com,45,Male,Davidburgh,17,1842.63,2024-01-12,Gaming
75,Terri Hogan,hernandezabigail@example.com,64,Male,Port Christianville,29,4321.79,2024-04-20,Software
76,Randall Garrett,adamwarner@example.com,77,Female,Port Sandraville,14,2366.05,2024-06-17,Software
77,James Moore PhD,kruiz@example.com,24,Female,North Curtisbury,26,4840.97,2023-12-30,Electronics
78,Robert Sanchez,melissa00@example.net,61,Female,Dixonhaven,33,927.63,2024-01-26,Accessories
79,Angela Caldwell,potterdevon@example.com,78,Other,Port Amy,37,4343.12,2023-09-07,Software
80,Jerry White,natashawest@example.org,25,Female,Calvinstad,32,3882.98,2023-08-30,Gaming
81,Jose Pitts,jason45@example.net,64,Male,North Latasha,23,3854.61,2024-06-03,Gaming
82,Nancy Leonard,michellegriffith@example.net,52,Female,East Ashleyport,14,4223.92,2023-10-20,Software
83,Alyssa Meyers,roberto93@example.com,31,Female,Barbaraview,29,3805.12,2023-10-27,Gaming
84,William Freeman,kurtnguyen@example.com,34,Male,Savageside,41,3131.1,2023-07-18,Electronics
85,Brian Roberts,claytonpaul@example.net,53,Other,East Jennifer,16,656.22,2024-03-23,Gaming
86,Rachel Thompson,plopez@example.net,67,Female,Chadbury,4,162.63,2023-11-21,Electronics
87,Linda Francis,rkeller@example.com,57,Other,Wilkersonmouth,28,4604.24,2024-06-11,Software
88,Stacy Davis,natalie08@example.com,21,Other,Hickmanstad,3,3083.25,2023-08-12,Software
89,Scott Joseph,mariasmith@example.com,19,Other,Taylormouth,9,3982.69,2023-08-08,Software
90,Sarah Thompson,xpena@example.org,79,Male,Kingmouth,16,2407.61,2024-01-14,Electronics
91,Mariah Miller,uarnold@example.com,23,Other,West Annette,9,586.54,2024-02-19,Gaming
92,Bobby Thomas,fking@example.com,71,Other,Susanstad,16,625.93,2023-10-09,Electronics
93,Theresa Kelly,tmoore@example.com,59,Male,South Paulbury,19,3427.83,2023-11-06,Gaming
94,John Pruitt,vanessakeller@example.net,21,Other,New Jessica,23,2151.53,2023-11-08,Gaming
95,Jesse Diaz,adrian67@example.org,71,Other,New Noah,4,1002.62,2023-12-22,Electronics
96,Shannon Salas,zmartin@example.net,46,Male,East Danielchester,33,2457.97,2024-02-13,Accessories
97,Nicole Adams,xhammond@example.net,35,Male,East Mary,5,321.04,2023-11-17,Software
98,Frank Mercer,jonesanna@example.com,43,Female,East Theresaville,1,2909.86,2023-12-24,Gaming
99,Curtis Phillips,qmyers@example.net,61,Female,Saundersside,12,1344.97,2023-09-30,Gaming
100,Kathleen Sanchez,angela96@example.net,51,Female,Cindyton,42,3987.8,2023-10-03,Electronics
101,Jessica Prince,robin35@example.net,27,Other,West Crystalside,42,1551.81,2023-10-26,Accessories
102,Kenneth Daugherty,pennysandoval@example.org,79,Other,Lake Danielchester,47,2276.1,2024-01-31,Software
103,Amanda Odonnell,anthonywatkins@example.org,53,Other,Whitneyhaven,10,58.1,2024-03-04,Accessories
104,Morgan Nolan MD,othomas@example.com,31,Male,Sheilaton,46,362.23,2024-06-09,Software
105,Selena Rodriguez,bankspaige@example.com,48,Other,Nicholasmouth,22,1962.47,2024-02-03,Gaming
106,Sean Donovan,denise10@example.com,65,Female,Dennisberg,15,2399.69,2023-09-06,Gaming
107,Kara Turner,richard34@example.com,32,Male,Angelaland,30,3000.1,2024-02-26,Electronics
108,Michael Douglas,ferrelldiane@example.org,25,Male,Andrefort,10,1458.31,2023-08-18,Electronics
109,Charles Santos,cooknicole@example.com,31,Male,Lake Victorhaven,15,3474.91,2023-12-16,Accessories
110,Bryan Gonzalez,loganbyrd@example.com,40,Female,South Marvinview,7,4300.61,2024-02-20,Accessories
111,Brenda Wallace,elizabeth88@example.com,77,Female,West Zachary,3,3899.25,2024-01-28,Software
112,Amber Murillo,wagnerlaura@example.org,74,Female,Shannonchester,39,198.09,2023-09-14,Electronics
113,Kristina Cooper,fgarza@example.org,79,Male,South Robertoton,3,2402.53,2023-11-30,Gaming
114,Eric Romero,lcuevas@example.org,57,Male,North Shawn,24,524.65,2023-09-03,Electronics
115,Kevin Perez,ashley94@example.org,38,Other,Troymouth,2,1210.23,2024-05-31,Accessories
116,Christina Ballard,jacksondonna@example.com,33,Other,South Markborough,31,4933.31,2024-06-28,Electronics
117,Margaret Gonzalez,fvaldez@example.net,62,Female,Jodyburgh,2,712.48,2024-06-20,Gaming
118,Kelsey Rodriguez,mariabullock@example.net,35,Male,Andrewshire,26,2494.44,2024-02-26,Electronics
119,Robert Brooks,eflores@example.com,64,Other,Woodland,28,3090.78,2023-11-17,Accessories
120,Christina Everett,tclark@example.com,70,Female,South Cheryl,31,3512.32,2024-05-13,Gaming
121,Kathryn Lester,vsilva@example.net,41,Female,Michaelstad,49,2798.24,2024-04-18,Software
122,Kimberly Stewart,laurasharp@example.org,43,Other,Clementsfort,18,48.85,2023-08-11,Software
123,Keith Smith,jaredvaughn@example.net,42,Female,Brittanychester,20,1632.31,2024-01-06,Gaming
124,Andrew Hanson,ann04@example.com,77,Male,Robinsonburgh,4,2588.56,2024-02-24,Gaming
125,Joseph Bautista,parkerthomas@example.net,77,Female,South Richardborough,17,439.33,2023-11-19,Gaming
126,Tracy Martin,derek87@example.com,77,Male,Buckbury,27,1753.13,2024-01-23,Accessories
127,Jacqueline Smith,jose89@example.net,62,Male,Barbaraport,41,166.02,2023-12-25,Gaming
128,Nicole Evans,hartdaniel@example.org,58,Other,New Charlotte,21,392.89,2024-02-10,Accessories
129,David Hall,timothy23@example.com,46,Other,New Michael,20,1984.62,2023-10-16,Gaming
130,Gabrielle Smith,brian24@example.com,32,Other,Roseshire,5,663.58,2024-02-05,Accessories
131,April Bell,qvincent@example.com,62,Female,Jasmineton,0,2837.7,2023-11-15,Accessories
132,Jacob Ramirez,rcollins@example.net,18,Other,Derekburgh,4,3447.32,2024-04-12,Electronics
133,Jacqueline Booth,amandagraves@example.com,42,Other,North Erika,40,4002.93,2024-05-23,Software
134,Sherry Rodriguez,cindydavis@example.org,24,Female,South Robert,11,1000.75,2024-02-20,Gaming
135,Sabrina Glover,brianfreeman@example.com,26,Other,Townsendchester,25,837.41,2023-07-18,Software
136,Kaitlyn Mitchell,monicalynch@example.com,41,Female,New Joshua,45,522.84,2023-12-05,Software
137,Martha Trevino,robertbarnes@example.com,18,Female,North Jeff,33,3182.15,2024-02-17,Electronics
138,Jody Miller,williamsstephanie@example.com,61,Male,Michaelville,48,3532.38,2024-06-25,Software
139,Gregory Oconnor,mmeyer@example.net,25,Male,West Rebecca,13,157.93,2023-07-07,Software
140,Ashley Medina,benjaminlopez@example.net,41,Other,Whitneyville,25,4681.06,2024-01-28,Gaming
141,Sergio Evans,westdavid@example.com,28,Female,North Jayberg,44,259.86,2023-10-08,Accessories
142,Amanda Wallace,rogersmichael@example.org,68,Male,Kristenshire,26,2706.48,2024-02-23,Gaming
143,Connor Baker,masonjennifer@example.com,34,Male,South Jamesbury,8,3545.3,2024-03-11,Gaming
144,Jason Johnson,wagnerchristopher@example.org,25,Male,Wesleyton,25,4354.85,2024-02-25,Software
145,Tiffany Jordan,nielsenangela@example.com,52,Male,Kingmouth,46,3570.43,2024-06-16,Software
146,Angela Foley,cpham@example.net,52,Other,Jamesside,21,4008.64,2024-03-04,Gaming
147,Traci Vincent,vanessa34@example.com,50,Male,South Michelleton,46,1697.25,2024-05-26,Gaming
148,Kyle Watson,xjones@example.org,76,Other,Amandashire,29,4074.13,2024-04-15,Software
149,Dylan Neal,jacquelinehouston@example.org,22,Female,West Jennifer,42,400.57,2024-01-09,Accessories
150,Stacy Martin,rtaylor@example.com,59,Other,Smithland,47,4474.08,2024-03-21,Accessories
151,David Cardenas,matthewcruz@example.net,56,Male,Farrellville,16,2737.96,2024-01-01,Gaming
152,Christian Stanley,amysmith@example.com,75,Female,East Jennifer,25,4086.49,2023-09-23,Accessories
153,Ryan Young,simmonslisa@example.org,58,Female,East Joshua,35,2261.59,2023-08-11,Gaming
154,Stephen Price,ramirezsandra@example.com,45,Other,Lake Michelleside,0,3217.89,2024-01-10,Electronics
155,Robert Castillo,gina05@example.org,24,Female,Jacksonburgh,7,2632.01,2024-01-18,Software
156,Donald Fernandez,vbowman@example.com,26,Other,Lake Isaiah,48,3657.95,2024-01-07,Gaming
157,Richard Mack,cmiller@example.com,25,Female,Bradleystad,34,408.15,2023-10-23,Gaming
158,Steven Wilson,webermarissa@example.com,29,Other,Destinyville,14,301.76,2024-01-28,Gaming
159,Mark Smith,ijohnson@example.org,51,Male,West Sarah,46,1235.52,2024-03-24,Accessories
160,Steven Anderson,ybennett@example.org,50,Other,Port Justin,21,797.72,2023-11-05,Gaming
161,Martin Vang,shirleyjordan@example.net,65,Other,Port Nicholas,13,4358.92,2024-03-22,Electronics
162,Anthony Lewis,murrayamy@example.net,72,Male,East Katrinaburgh,25,1096.07,2024-03-11,Accessories
163,Richard Rodriguez,uwalters@example.net,40,Other,Kathrynmouth,27,4879.33,2023-10-09,Software
164,Katelyn Vega,myersmonica@example.com,79,Other,South Lisa,22,1684.48,2024-05-28,Electronics
165,Teresa Richard,arichards@example.com,41,Female,Port Mackenzieshire,13,910.59,2023-09-26,Gaming
166,Lauren Campbell MD,emily92@example.org,54,Other,East Brian,23,3948.49,2023-08-31,Electronics
167,Christopher Ray,sparkselizabeth@example.net,52,Female,South Stephanieview,1,3293.54,2024-05-25,Gaming
168,Timothy Mercado,bwilson@example.org,61,Male,Fuentestown,44,2490.98,2024-05-09,Electronics
169,Tiffany Powell,hsnyder@example.com,57,Female,Port Christophershire,25,2776.82,2024-06-15,Accessories
170,Kayla Cox,brittany85@example.com,39,Female,Trantown,13,3596.01,2024-04-26,Gaming
171,Paula Brewer,austinjames@example.net,44,Male,Lake Kristin,6,1142.27,2024-05-07,Accessories
172,Joseph Mcdonald,cconley@example.org,52,Female,Lisaside,2,4981.67,2024-01-26,Electronics
173,Caitlyn Clark,andrewharris@example.com,18,Male,Alejandroland,46,4873.97,2023-10-11,Gaming
174,Patricia Gregory,timothy36@example.com,52,Other,Heatherside,22,3251.63,2024-03-15,Software
175,Kimberly Lamb,amber67@example.net,54,Other,Emilyland,45,997.71,2023-08-06,Software
176,Debbie Allen,denisejohnson@example.net,64,Female,New Stephen,42,3401.14,2023-11-02,Gaming
177,Jonathon Williams,umorgan@example.com,31,Other,Jacksonton,46,360.99,2023-07-30,Electronics
178,Michael Hunt,brandonhicks@example.org,20,Male,Laurenstad,44,153.26,2024-03-20,Software
179,Teresa Gomez,rodriguezalicia@example.net,18,Other,West Toddfort,17,1288.41,2023-08-25,Gaming
180,Chase Garcia,simsjennifer@example.org,22,Male,Kimberlyberg,37,2313.11,2023-12-12,Software
181,Ryan Maynard,bryaneric@example.net,43,Other,Lindastad,34,4341.36,2023-11-22,Gaming
182,Sharon Brown,kgonzalez@example.org,72,Female,Cameronstad,14,3635.85,2024-03-31,Electronics
183,Beth Warren,rmitchell@example.org,31,Other,Laceyville,24,3713.53,2023-12-21,Electronics
184,Darlene Gardner,walkerkelly@example.net,56,Other,Debramouth,36,2127.47,2023-11-18,Accessories
185,David Gonzales,christopher88@example.com,44,Other,Michaelmouth,27,1729.67,2024-03-15,Software
186,Mrs. Tammy Munoz,pking@example.com,26,Male,South Danielfurt,9,1855.19,2024-06-18,Accessories
187,Christopher Wilson,harpererica@example.net,32,Male,Gregorystad,38,4938.25,2023-09-05,Electronics
188,Veronica Mcgee,zclark@example.net,32,Female,East Shirleyburgh,16,200.55,2024-01-03,Gaming
189,Sally Hudson,fosterjennifer@example.com,43,Male,Watkinsfort,38,4335.16,2024-03-11,Electronics
190,Ernest Cuevas,shortebony@example.com,59,Other,Lake Joshuaborough,21,2893.38,2024-06-14,Electronics
191,Gregory Young,vmercer@example.com,77,Other,North Jennifer,25,2193.08,2023-07-21,Gaming
192,Michael Lewis,swatkins@example.org,30,Male,Hollymouth,43,3626.29,2023-12-26,Accessories
193,Douglas Cox,ashley07@example.com,68,Other,Ericland,24,2433.34,2024-02-08,Software
194,Gerald Perez,zallen@example.net,49,Female,West Kelseyshire,16,4367.12,2023-10-13,Electronics
195,Robert Frazier,kellywaters@example.com,56,Female,Port David,12,4503.51,2023-08-15,Electronics
196,Danielle Maddox,kwest@example.org,66,Male,Boothton,19,2108.6,2023-08-31,Software
197,Russell Mcbride,hudsonrachel@example.com,69,Male,Scottside,24,1384.14,2023-10-28,Electronics
198,Adam Patel,ryanjulia@example.org,78,Female,Lake Mark,3,2961.75,2024-02-20,Software
199,Samantha Murphy,frankperez@example.org,49,Female,New Ryan,9,4561.82,2023-12-06,Software
200,Joseph Snyder,lisa32@example.org,21,Male,Bondport,2,1053.31,2023-07-22,Software
201,Dr. Austin Collins,carpenterwayne@example.com,47,Male,Longfurt,40,3114.83,2023-08-07,Gaming
202,Julie Costa,proth@example.com,54,Male,Jamesshire,44,3157.8,2024-05-28,Accessories
203,Joel Salas,jbrewer@example.org,40,Other,West Samanthamouth,17,3665.57,2024-04-17,Accessories
204,Morgan Nguyen,robertkirk@example.net,56,Male,South Lawrence,46,657.84,2024-05-12,Gaming
205,John Townsend,megan91@example.net,62,Male,Hudsonchester,35,3579.12,2023-12-26,Accessories
206,Billy Roberts,stantonchelsey@example.com,32,Other,South Eric,46,4545.16,2023-10-22,Accessories
207,Bradley West,coopermichael@example.org,60,Female,East Stephaniemouth,21,898.42,2023-10-25,Accessories
208,Wanda Deleon,wilsonlori@example.net,46,Male,Michaelborough,33,1187.72,2023-12-05,Electronics
209,Christopher Maldonado,mackenzie13@example.org,53,Other,New Henry,46,4856.98,2024-06-23,Gaming
210,Christopher Smith,mmcfarland@example.net,30,Male,Townsendshire,7,904.88,2024-06-20,Accessories
211,Martin Davis,wnguyen@example.org,49,Male,North Samuelburgh,39,4271.93,2024-01-22,Gaming
212,Valerie Cherry,jeffreyvasquez@example.org,24,Other,Lewistown,48,2461.39,2024-06-16,Accessories
213,Margaret Johnson,kristenmays@example.net,76,Female,Teresaport,43,1236.16,2023-08-31,Accessories
214,Kevin Watson,yvaughan@example.net,68,Other,West Timothychester,18,4353.75,2024-04-17,Gaming
215,Chase Oconnor,brent70@example.net,39,Male,Kimberlyton,41,2226.53,2023-09-02,Software
216,John Vang,ahaley@example.org,45,Female,Youngmouth,40,2574.09,2024-03-08,Gaming
217,Gary Wyatt,hgilmore@example.com,19,Other,West Connie,36,1796.17,2024-01-21,Software
218,Steven Mitchell,mellison@example.com,59,Other,East Danielstad,5,2964.75,2023-10-24,Electronics
219,Stephanie White,philipmiller@example.org,62,Female,East Jilltown,25,817.62,2023-07-25,Gaming
220,Mark Wilson,kevans@example.net,79,Male,Wilsonborough,33,1955.41,2024-03-31,Software
221,Sally Hawkins,aprilkrause@example.org,74,Other,North Wesley,44,4847.06,2024-01-30,Accessories
222,Sara Walter,jeffery29@example.org,70,Other,North Heidiburgh,5,1290.67,2024-06-07,Electronics
223,Kristina Brown,kimlynch@example.com,23,Other,Lake Kathrynmouth,36,3283.68,2024-01-18,Gaming
224,Nicole Atkinson,ypatterson@example.net,45,Male,North Derrick,32,1625.95,2023-08-02,Software
225,Andrew Brock,sosatonya@example.net,45,Other,South Sarah,21,3867.37,2024-03-12,Software
226,Brian Blevins,yolanda24@example.com,61,Female,Fletcherberg,20,654.37,2023-12-01,Gaming
227,Elizabeth Faulkner,calebjarvis@example.net,61,Female,Johnsonfurt,5,4849.11,2024-01-11,Software
228,Norman Keith,pagelisa@example.org,37,Other,Lake Mallory,5,2268.95,2023-11-08,Gaming
229,George Cooke,nwelch@example.net,47,Other,North Robertstad,47,1180.25,2023-11-29,Software
230,Evelyn Haas,crystalblackburn@example.com,79,Female,Wisehaven,3,367.48,2023-10-27,Accessories
231,Jason Brown,jessica42@example.net,28,Female,Lake Benjamin,29,848.79,2023-08-16,Gaming
232,Debra Kim,qreynolds@example.org,75,Other,South Jillton,10,2598.87,2023-09-09,Gaming
233,Margaret Baxter,virginiabates@example.com,72,Female,Davisside,29,1685.02,2024-05-20,Electronics
234,John Crawford,jennifer35@example.org,45,Male,Beverlybury,30,4144.42,2023-07-20,Accessories
235,Tracey Garza,irobinson@example.com,42,Male,Richardbury,23,2154.44,2024-03-21,Gaming
236,Shane Brown,patrickkelly@example.org,56,Male,Davisbury,8,1243.57,2024-03-18,Software
237,Stephanie Monroe,timothyberg@example.org,79,Male,North Rebeccaport,2,3085.72,2023-12-29,Software
238,Leslie Holt,levi06@example.org,50,Female,Christinabury,30,3533.89,2023-10-19,Software
239,Isaac Williams,colemanrodney@example.net,18,Male,Pruittfurt,39,835.21,2024-02-20,Electronics
240,Roy Fox,jessicatownsend@example.net,74,Other,East Todd,36,838.1,2024-03-05,Gaming
241,James Byrd,connor56@example.org,44,Other,West Sherry,35,183.36,2024-06-22,Software
242,Allison Butler,wilsonalicia@example.com,79,Male,Jessicahaven,23,3682.01,2024-07-02,Electronics
243,George Gutierrez,bowenamy@example.com,74,Other,Alexanderbury,30,3319.02,2024-07-04,Electronics
244,Eduardo Stewart,gwilliams@example.org,69,Male,West Williamtown,5,2373.15,2024-03-16,Gaming
245,William Fisher,ashleyjohnson@example.net,30,Male,Leeville,1,4220.85,2024-05-14,Software
246,Amanda Lopez,coreyjohnson@example.org,58,Male,North Kimberlyborough,19,4028.35,2024-05-02,Accessories
247,Mark Hicks,alison26@example.com,20,Other,Sheppardborough,27,2926.77,2024-03-27,Software
248,Danielle Matthews,jenniferbarton@example.org,56,Other,Port Jamie,10,4341.36,2023-07-14,Accessories
249,Megan White,strongjames@example.org,23,Male,Rodriguezhaven,3,1029.21,2023-10-22,Accessories
250,Lindsay Park MD,smorgan@example.com,25,Male,Brucebury,14,559.6,2023-08-05,Software
251,Matthew Glass,angel32@example.net,44,Male,Trevorville,5,1348.75,2024-05-05,Accessories
252,Amber Johnson,david69@example.net,26,Male,Millerside,48,285.43,2023-12-03,Electronics
253,Lori Summers,tamara71@example.net,79,Female,Thomasland,29,2655.85,2023-12-14,Electronics
254,Todd Martinez,smithdorothy@example.com,54,Male,New Mark,37,4683.03,2023-11-14,Software
255,Ryan Perez,scordova@example.net,50,Other,North Sueshire,1,196.72,2023-12-31,Gaming
256,Dan Ramirez,kestes@example.org,68,Male,South Staceytown,14,610.55,2024-02-05,Electronics
257,Gina Cooper,housedanny@example.org,59,Female,New Robert,10,2261.0,2023-10-25,Software
258,Evelyn Sanders PhD,michael65@example.org,61,Other,North Jeremyborough,7,4669.38,2024-06-04,Accessories
259,Kathy Flowers,jreyes@example.com,41,Female,East Aaronview,25,1580.78,2023-10-27,Electronics
260,Gerald Jones,hendersonheather@example.org,32,Male,North Mollyhaven,44,2536.17,2024-06-19,Software
261,Michael Jones,annachambers@example.com,76,Other,Charlestown,43,207.86,2023-08-06,Software
262,Terry Sherman,kjohnson@example.com,71,Male,Wongberg,4,741.72,2023-11-09,Gaming
263,Jennifer Williams,pyoung@example.com,49,Other,Laurenfurt,5,4933.15,2024-06-02,Accessories
264,Anthony Chase,ashley75@example.net,49,Other,North Patricia,25,4825.59,2024-04-07,Accessories
265,Jonathan Schmidt,drose@example.net,41,Other,Port Jessicaborough,3,24.7,2023-09-23,Accessories
266,Bryan Gonzalez,zburke@example.org,58,Female,Lake Jeffrey,18,4759.06,2023-10-22,Software
267,Kimberly Mcclure,hallbrittany@example.net,69,Male,East Laurachester,19,3195.6,2023-11-14,Software
268,David Velasquez,brandon23@example.net,66,Female,New Robertborough,32,4339.59,2024-05-03,Accessories
269,Anthony Harrison,diane21@example.net,79,Female,North Melissaside,19,2273.7,2024-04-19,Software
270,Amy Smith,benjaminstone@example.org,66,Male,Taraport,48,2577.98,2023-10-20,Gaming
271,Heather Ellison,cwelch@example.org,75,Male,Davisview,11,2444.23,2023-12-29,Software
272,James Cooper,amyanthony@example.net,69,Male,Curtisside,46,3334.32,2023-12-27,Software
273,Leslie May,xsanchez@example.org,29,Other,Judyview,0,698.26,2023-08-20,Electronics
274,Jennifer Kent,anthony92@example.net,79,Female,Lake Ronaldhaven,25,149.87,2024-03-31,Gaming
275,Tiffany Blake,lopezjesse@example.com,56,Female,Christopherbury,13,1539.65,2023-12-28,Electronics
276,Julie Evans,emartin@example.net,19,Female,Jamesstad,37,3523.4,2024-01-19,Accessories
277,Amber Jennings,anthonyswanson@example.org,20,Female,East Michaelberg,36,1009.27,2024-06-13,Accessories
278,Andrea Hines,acarr@example.org,66,Female,East Jeffrey,10,3367.16,2023-12-31,Gaming
279,Michael Singleton,uwheeler@example.org,54,Other,East Adamburgh,35,4849.56,2023-10-07,Software
280,Jennifer Sullivan,jacobserika@example.org,66,Male,Matthewborough,12,469.5,2023-07-13,Electronics
281,Margaret Jackson,barrysharp@example.com,73,Other,Greenville,42,3363.01,2024-02-12,Gaming
282,John Richards,brandiprince@example.net,34,Other,Bryanton,2,2218.75,2024-04-21,Electronics
283,Rachel Howell,kurthernandez@example.net,76,Other,Mejiafurt,32,4340.71,2023-07-14,Software
284,Patrick Bentley,carolyn59@example.com,66,Male,West Brandonside,5,885.75,2024-04-27,Electronics
285,James Chapman,ryan01@example.com,19,Male,East Andrew,49,3463.13,2024-03-12,Gaming
286,Douglas Mccullough,stricklandkeith@example.com,19,Female,Lake Tamaramouth,9,4190.58,2023-12-30,Software
287,Allison Leonard,james06@example.org,45,Other,East Sarahside,4,4723.07,2023-10-20,Software
288,Lori Harris,david79@example.com,71,Female,Gonzalesmouth,22,3416.24,2023-10-07,Gaming
289,Jason Gomez,aortiz@example.com,40,Male,Davilaside,9,2485.87,2024-03-27,Software
290,Megan Ellis DVM,charlesgould@example.com,54,Male,Timothyberg,43,3089.24,2023-09-20,Electronics
291,Christina Beck,nicholsrobin@example.org,49,Male,Sarahchester,1,4344.52,2023-09-08,Accessories
292,Jessica Cook,mcooper@example.net,50,Male,Morrisfurt,12,2853.05,2024-06-18,Gaming
293,Natalie Carlson,thomasruth@example.org,18,Other,Millerstad,39,151.94,2024-05-20,Electronics
294,Alicia Lopez,nicole70@example.org,36,Female,Robertside,1,4654.74,2024-03-28,Software
295,Katrina Clay,aware@example.org,79,Male,Changville,19,3447.63,2024-06-05,Accessories
296,Jennifer Garza,jmartin@example.org,19,Female,Chelseabury,0,3382.57,2024-06-20,Electronics
297,Thomas Wilcox,gthomas@example.org,70,Male,Alexanderton,36,1078.38,2023-09-10,Gaming
298,Samantha Coleman,donald64@example.com,61,Female,Brennanport,8,3294.43,2023-09-10,Software
299,David Jackson,fhart@example.org,43,Female,East Nicholasmouth,16,1969.32,2024-04-20,Gaming
300,William Rodriguez,velazquezjacob@example.net,49,Male,Gomezport,8,3256.16,2024-03-24,Electronics
301,Christopher Gibson,kathryn28@example.com,23,Male,New Michaelview,10,532.97,2024-05-24,Accessories
302,Donald Wells,william90@example.com,49,Female,North Ryan,14,3289.23,2024-02-28,Electronics
303,David Calderon,simmonsjanice@example.com,72,Other,West Laura,23,4997.07,2023-11-09,Electronics
304,Oscar Garrett,thomasroth@example.org,21,Male,Martinezland,37,241.06,2024-05-07,Software
305,Thomas Nelson,uvazquez@example.org,72,Male,Staceyport,34,4885.87,2024-01-05,Gaming
306,Benjamin Hill,usnyder@example.net,28,Other,Edwardsville,29,2034.54,2024-04-26,Electronics
307,Jacqueline Martin,pamela06@example.net,73,Other,Susanmouth,30,4353.77,2024-02-01,Electronics
308,Timothy Singh,greenejamie@example.org,76,Male,Jonathanfurt,48,3911.93,2024-06-03,Accessories
309,Melissa Rodgers,jameselizabeth@example.org,34,Male,West Kara,4,2835.08,2023-12-30,Accessories
310,Erin Vasquez,bwiggins@example.org,55,Male,Jenniferview,43,3692.25,2024-03-26,Gaming
311,Amanda Cantu,ywalters@example.org,41,Male,South Dominique,49,4392.58,2024-02-11,Gaming
312,Sharon Whitehead,hardinlydia@example.org,22,Female,Kimberlyfort,13,2020.7,2023-07-26,Software
313,Alison Clements,christinecarey@example.net,69,Female,South Susan,10,1635.17,2023-11-04,Gaming
314,Cody Wilson,laceyrhodes@example.org,51,Female,Lake Cynthia,8,3337.97,2024-02-07,Accessories
315,Rebecca Newton,cassandra07@example.org,23,Male,West Victoria,33,4039.23,2024-06-04,Gaming
316,Brooke Hopkins,tatkins@example.org,39,Female,Lucasbury,11,3811.43,2023-12-25,Electronics
317,Joshua Gibson,douglas63@example.org,28,Male,Elizabethchester,34,3989.07,2024-04-08,Gaming
318,Jesse Chavez,joshua29@example.net,65,Male,Kruegerhaven,34,2177.92,2023-12-03,Gaming
319,Sandra Fletcher,amandafoster@example.com,33,Female,Jeffreyville,0,4089.17,2023-10-04,Software
320,Darrell Wright,heathergarcia@example.com,50,Male,Martinezport,39,601.05,2023-11-08,Electronics
321,Lisa Levy,donnahoward@example.org,26,Female,Stevenberg,21,2722.45,2024-04-02,Software
322,Jennifer Saunders,toddhoward@example.org,77,Female,Port Melanie,28,28.79,2023-11-12,Accessories
323,Monica Williams,carpenterpatricia@example.net,76,Female,North Robertmouth,7,1622.93,2024-03-23,Gaming
324,Mr. Jesse Schroeder,cynthia64@example.com,23,Female,New Isaiah,10,1832.31,2023-10-30,Gaming
325,Jennifer Stone,amber69@example.org,33,Female,Castilloland,40,1980.86,2024-01-18,Accessories
326,April Le,qmorrow@example.org,46,Other,Jamiechester,36,3477.34,2023-10-27,Software
327,Amanda Arroyo,nicholsonanne@example.com,20,Other,Michaelside,13,1942.79,2024-04-08,Electronics
328,Brian Figueroa,ttaylor@example.com,37,Other,Cooleytown,29,2243.47,2023-08-19,Software
329,Terri Cain,tkane@example.com,77,Other,Ashleyport,34,1187.72,2024-02-28,Software
330,Jonathan Andrews,potterrobin@example.org,76,Other,South Donna,20,1866.26,2023-12-07,Electronics
331,John Romero,mark76@example.com,53,Female,New Michaelland,36,1136.35,2024-01-15,Gaming
332,Joshua Mcfarland,meghan42@example.net,36,Male,Sotofurt,4,365.98,2024-05-10,Software
333,Maria Jones,jorge00@example.com,43,Male,Port Derekhaven,18,3017.24,2024-05-02,Accessories
334,William Douglas,rachel17@example.org,20,Female,Martinezfort,13,3341.06,2023-07-20,Electronics
335,Brenda York,scollins@example.com,36,Male,Nicholasberg,25,3097.45,2024-04-24,Gaming
336,Brandon Ryan,wallacejonathan@example.org,37,Male,Angelton,3,2317.47,2024-07-02,Electronics
337,Derek Owens,bbennett@example.com,49,Other,South Erneststad,24,1898.93,2023-10-22,Accessories
338,Bradley Hutchinson,erinholland@example.net,24,Other,Mclaughlinfurt,44,4316.67,2023-07-14,Electronics
339,David Tucker,david49@example.org,69,Other,Juarezbury,41,2595.41,2024-03-02,Electronics
340,Morgan Huber,gonzalezallison@example.net,58,Male,Port Brentburgh,24,2395.91,2024-06-05,Software
341,Joseph Soto,vpowell@example.net,50,Other,Angelaland,17,128.21,2024-02-05,Accessories
342,Robert Lee,jensenmichael@example.org,57,Female,Lake Timothy,39,1706.24,2024-06-01,Accessories
343,Taylor Thompson,cpratt@example.org,56,Male,Maddoxhaven,7,1900.98,2024-03-29,Accessories
344,David Mcdonald,isullivan@example.org,35,Male,North Scottland,38,1994.11,2024-06-23,Electronics
345,Christine Johnson,wrightpaul@example.com,57,Other,Nicolaschester,39,2900.86,2024-03-16,Accessories
346,Amanda Myers,gmassey@example.net,18,Female,East Mary,13,2668.01,2023-12-14,Accessories
347,Chad Mcdowell,jessica33@example.org,28,Other,Pachecoville,31,3039.53,2024-01-28,Accessories
348,Alexandra Huynh,ajohnston@example.org,45,Other,Mendozamouth,37,3824.42,2023-08-30,Software
349,Nathan Hernandez,harrisonsteve@example.org,74,Male,Calderonmouth,32,4064.93,2023-07-17,Accessories
350,Maria Wagner,torressharon@example.com,42,Male,Port Adam,22,3590.62,2023-09-30,Electronics
351,Derek Dunn,ramirezjessica@example.com,67,Other,Erinburgh,14,4777.62,2023-12-19,Software
352,Jessica Kim,adamskeith@example.net,40,Male,Davidburgh,32,91.16,2024-02-25,Accessories
353,Kevin Moore,garciakaren@example.net,48,Male,South Richard,24,978.89,2024-05-01,Accessories
354,Miranda Petty,ochoasara@example.net,47,Male,Port Malikburgh,16,37.81,2024-04-19,Software
355,John Friedman,angelalopez@example.net,59,Other,Susanfurt,32,3237.37,2023-07-13,Accessories
356,Micheal Ritter,erin10@example.net,52,Male,South Kevinmouth,46,4490.15,2024-06-20,Electronics
357,Christina Miller,johnhudson@example.org,24,Other,Cooleyborough,1,1217.41,2024-02-18,Electronics
358,Brian Price,andrewsimpson@example.com,77,Male,Yorkshire,13,4635.17,2023-07-21,Accessories
359,Brittney Calderon,doylewilliam@example.com,33,Female,Christinafort,39,301.34,2023-10-14,Electronics
360,Carolyn Ortiz,kayla79@example.net,43,Male,Port Jillian,39,4672.18,2023-07-30,Software
361,Anthony Morris,kaylee52@example.com,65,Other,South Kathryn,38,1758.11,2023-10-31,Accessories
362,Jennifer Webb,xpayne@example.com,74,Male,Amyport,5,507.1,2023-10-09,Software
363,Luke Cowan,mark78@example.net,69,Other,West Erin,5,2429.36,2024-01-23,Electronics
364,Rodney Williams,smithbrittany@example.com,77,Other,Aaronfurt,2,1283.88,2024-01-16,Accessories
365,Jennifer Miller,collinstheresa@example.net,66,Male,Garciabury,6,1424.36,2023-10-27,Software
366,Norma Garner,tara40@example.com,19,Other,Jamesport,7,1536.45,2024-07-03,Electronics
367,Alexa Stephens,mollylutz@example.net,18,Male,Davidshire,41,4015.13,2023-11-14,Accessories
368,Brittany Williams,kphillips@example.com,65,Female,Rhodesmouth,14,2695.81,2024-03-04,Gaming
369,Gregory Olson,castanedaedward@example.com,79,Other,East Tashaview,46,1556.54,2023-09-25,Electronics
370,Corey Miller,brooksdavid@example.net,29,Other,Dixonberg,28,3051.67,2024-01-27,Electronics
371,Joe Pope,kwilson@example.com,22,Other,West Courtney,32,3580.75,2023-11-22,Gaming
372,Jason Malone,johnsonjohn@example.org,54,Other,New Jose,29,1363.12,2024-03-17,Gaming
373,Patricia Blackwell,salazardavid@example.net,49,Female,North Katiebury,38,2067.75,2024-03-01,Software
374,Dale Fry,owilkins@example.org,76,Female,South Roy,26,609.43,2024-03-26,Electronics
375,Dr. Michael Rodriguez,fordmatthew@example.net,72,Male,Port David,35,905.75,2024-05-28,Gaming
376,Robert Morgan,donald77@example.org,26,Other,Wrightburgh,28,3405.59,2024-03-10,Accessories
377,Stephanie Neal,ann66@example.org,58,Other,Nicholasside,37,907.19,2024-05-16,Electronics
378,Anna Barker,rwheeler@example.net,52,Female,West Ryan,32,2625.82,2023-08-16,Software
379,Anna Frederick,regina07@example.net,36,Male,South Jenniferton,36,3545.23,2024-01-29,Gaming
380,Eric Owen,reginald99@example.net,65,Female,South Robyn,26,534.38,2024-06-19,Electronics
381,Chase Jenkins,wkelly@example.org,33,Female,Port Sarah,32,2836.56,2024-05-15,Electronics
382,Monica Sharp,gerald59@example.com,20,Male,North Timothy,3,1282.81,2023-10-23,Gaming
383,Stephanie Price,lanecatherine@example.com,37,Other,North Kristaport,21,4814.63,2024-03-25,Gaming
384,Carrie Davenport,butlercarla@example.net,41,Other,East April,1,2417.73,2024-03-22,Gaming
385,Randall Valenzuela,thomaskyle@example.org,71,Female,South Crystal,9,4029.96,2023-12-17,Electronics
386,Mary Montoya,kim40@example.net,73,Female,Chenton,4,2751.13,2023-08-10,Gaming
387,Gina Crawford,griffinkenneth@example.org,50,Female,New Megan,9,217.06,2024-04-21,Gaming
388,Denise Atkinson,robersoncody@example.net,41,Male,Lake Steven,32,3165.76,2024-03-27,Electronics
389,John Lowe,conwaychristopher@example.com,69,Male,Smithfurt,37,4757.02,2023-09-15,Electronics
390,Rebecca Smith,william99@example.com,28,Female,East Natasha,12,3008.06,2024-03-16,Software
391,Laura Hess,johnny03@example.net,66,Other,South Jeffrey,30,4095.94,2023-07-18,Accessories
392,Jose Barrett,whopkins@example.org,25,Other,New Robert,46,4421.03,2023-12-17,Electronics
393,John Garcia,hannah67@example.com,53,Male,South Charles,35,1140.4,2024-04-17,Accessories
394,Felicia Willis,nicholsashley@example.net,55,Male,Gabrielport,44,1060.22,2024-03-03,Software
395,Amy Soto,obrooks@example.com,57,Other,North Catherineshire,23,3054.9,2023-11-29,Software
396,Ryan Gonzalez,johnsonelizabeth@example.com,37,Male,Howardborough,14,2055.14,2023-08-01,Gaming
397,Brandon Davis,james20@example.net,79,Other,South Meganville,28,4199.31,2023-11-25,Software
398,Adam Taylor,ballemma@example.com,52,Female,Lake Tina,7,4500.12,2024-06-04,Gaming
399,Jodi Evans,noblearthur@example.com,65,Male,Leonardport,4,1767.11,2023-09-06,Gaming
400,Lindsay Butler,michael00@example.net,79,Female,Port Michaelfurt,28,1184.35,2023-09-15,Electronics
401,Keith Pennington,ericunderwood@example.org,42,Male,West Craig,46,3902.63,2023-07-23,Electronics
402,Crystal Best,mgarza@example.net,52,Male,Estradafurt,3,1374.03,2024-06-08,Accessories
403,Connie Mcdaniel,rjones@example.com,42,Female,New Andrea,11,4113.07,2024-04-13,Gaming
404,Veronica Miller MD,wattsbrandi@example.org,46,Female,Collinsborough,44,2118.69,2023-11-04,Gaming
405,Brandy Smith,richardsjoseph@example.com,35,Male,Justinside,1,3337.75,2024-06-03,Accessories
406,Eugene Jones,milesethan@example.net,63,Female,Moodyside,26,477.68,2024-02-13,Gaming
407,Rebecca Hebert,hmitchell@example.net,35,Other,South Holly,30,3119.3,2024-04-30,Software
408,Theresa Hicks,whitneyconway@example.net,19,Other,Yumouth,35,2258.84,2024-01-22,Gaming
409,Jermaine Romero,mario06@example.net,71,Female,Lake Meredithburgh,35,2933.04,2023-10-24,Gaming
410,Danny Mann,sean09@example.com,52,Other,New Geoffrey,25,840.07,2024-04-30,Gaming
411,Tina Lewis,lauren27@example.com,33,Other,Mitchellbury,42,3684.37,2024-05-26,Electronics
412,Carolyn Richardson,charlesmay@example.com,78,Other,Cynthiaside,26,4313.99,2024-03-31,Software
413,Ashley Morrison,christinagilbert@example.com,58,Male,Port Steventon,4,1083.7,2023-08-13,Gaming
414,Marisa Nelson,ryan48@example.net,53,Other,North Jacobfort,19,478.57,2023-08-06,Software
415,Tiffany Cohen,amyclements@example.org,50,Other,Cohenstad,10,118.19,2023-08-13,Software
416,Jeremiah Watts,jeffcarson@example.net,21,Female,Lambertberg,9,3209.86,2024-06-13,Software
417,Jason Smith,michaelstephenson@example.com,50,Other,West Johnland,39,3035.47,2023-08-31,Accessories
418,Emily Freeman,ucohen@example.net,31,Male,Ashleyborough,37,2733.49,2024-04-28,Gaming
419,Nicholas Cook,bwilson@example.net,38,Male,Ibarraville,5,1159.74,2023-10-05,Electronics
420,Jerry Chase DDS,llee@example.net,65,Female,Port Chelseymouth,7,1954.53,2023-08-26,Electronics
421,Jennifer Hill,david57@example.com,37,Male,Port Michaelborough,22,2972.38,2023-07-14,Electronics
422,Ashley Gross,robersonjeffrey@example.net,73,Male,New Charlene,46,2483.83,2024-05-14,Electronics
423,Colleen Ramirez,johnsonleah@example.net,25,Other,Dunlapville,25,4938.93,2023-09-07,Gaming
424,Christina Jordan,virginiataylor@example.org,24,Other,West Ashleyport,45,682.2,2024-05-06,Electronics
425,Carlos Smith,rachelkhan@example.net,20,Male,Kyletown,42,3475.72,2024-03-09,Software
426,Anthony Smith,smithstephen@example.com,34,Female,Marybury,11,2021.59,2024-01-01,Accessories
427,Alexander Griffin,amanda03@example.org,50,Female,Cartermouth,25,2141.0,2024-02-24,Electronics
428,Chad Ferguson,calderontabitha@example.com,65,Other,New Dawn,12,3587.99,2024-01-03,Software
429,Monica Davis,samuel78@example.org,29,Male,South Julieshire,39,3462.18,2024-01-13,Electronics
430,Kimberly Schultz,jasondelgado@example.com,76,Other,Port Heather,17,4956.28,2024-02-01,Gaming
431,Andrew Kim,timothyarnold@example.net,68,Female,Zimmermanside,24,641.97,2023-12-14,Software
432,Anthony Chang,richard73@example.com,39,Male,Sarafurt,32,520.55,2023-12-30,Gaming
433,Sophia Colon,ryanvaldez@example.com,72,Other,New Olivia,46,3621.69,2024-02-12,Electronics
434,Lauren Singh,christinejackson@example.net,39,Other,Weissville,39,2891.93,2024-05-09,Software
435,Nathan Santos DDS,parsonsamy@example.com,63,Female,Kathleenhaven,42,1370.8,2023-10-06,Software
436,Danielle Taylor,emorgan@example.org,47,Other,West Amytown,11,397.1,2024-01-04,Software
437,Joseph Harper,cheryl79@example.org,55,Female,New Whitneyton,43,428.29,2023-08-29,Electronics
438,Amy Gibbs,ashley47@example.org,55,Female,South Jonathan,35,4470.95,2023-10-12,Accessories
439,Amy Benton,opowell@example.net,62,Male,Timothyville,47,959.34,2024-02-06,Accessories
440,Nathan House,harrisrussell@example.org,68,Male,North Ryan,3,1616.86,2023-08-23,Gaming
441,Jeremiah Johnson,daniel34@example.org,71,Other,Port Billyside,4,1133.28,2024-05-06,Accessories
442,Jordan Guzman,jwood@example.net,25,Female,New Jasonland,36,1774.98,2023-10-13,Electronics
443,Kimberly Evans,nmacdonald@example.net,44,Female,Pattersonside,7,347.12,2023-09-17,Software
444,Alexandra Lambert,davisjulie@example.com,44,Male,Nicholasside,41,2595.3,2024-04-02,Software
445,Alexander Jones,jeremy05@example.com,51,Male,New Colleenview,48,338.06,2024-05-12,Electronics
446,Caleb Murray,jpeterson@example.org,38,Female,Hammondfort,27,4001.78,2023-09-01,Software
447,George Green,iorr@example.com,47,Male,Lake Rebecca,30,1168.56,2024-04-18,Accessories
448,Michael Mcdaniel,hernandezmark@example.com,50,Other,New Brandonville,8,2700.06,2024-05-17,Gaming
449,Gary Robinson,ujohnson@example.com,45,Female,Foleychester,28,4400.4,2024-06-28,Electronics
450,Justin Acevedo,mrios@example.net,64,Male,Rhondaview,13,3254.39,2023-09-19,Software
451,Lindsay Howard,annahernandez@example.com,50,Other,Carlsonfurt,39,2664.79,2024-03-15,Electronics
452,Ariel Gonzalez,guzmanyvonne@example.net,22,Female,Dylanmouth,40,1621.67,2023-08-16,Accessories
453,Jacob Lindsey,keithkyle@example.org,77,Other,Lake Christophermouth,21,1665.01,2023-08-04,Software
454,Tim Berry,cervantesrachel@example.net,78,Other,Sophiashire,10,3347.43,2023-10-29,Software
455,Sarah Mata,ericajohnston@example.com,65,Female,Lisachester,22,4970.7,2023-07-24,Software
456,Kenneth Little,npeck@example.net,36,Other,Coopermouth,0,3309.2,2024-02-20,Software
457,Kyle Dougherty,alec81@example.com,21,Male,Boydstad,45,2788.92,2023-10-12,Electronics
458,Alison Young,andreaturner@example.com,52,Male,New Anthony,36,3653.25,2023-10-23,Accessories
459,Jacob Hernandez,christina83@example.org,66,Male,Levineport,20,2326.03,2024-05-12,Accessories
460,Denise Lopez,carlsmith@example.com,34,Other,Ashleyhaven,25,300.71,2024-05-16,Gaming
461,Danielle Baxter,rgarcia@example.com,61,Male,East Daniellefurt,45,2811.48,2024-02-16,Electronics
462,Allison Parker,gwashington@example.org,45,Other,Annetteton,35,4788.13,2023-12-08,Accessories
463,Kim Olson,hesssteven@example.org,47,Male,East Edward,22,876.51,2023-11-18,Electronics
464,Lisa Kelly MD,hhardy@example.org,46,Female,North Danielletown,0,3450.02,2024-04-10,Electronics
465,Cody Escobar,betty82@example.com,63,Other,South Thomasfurt,39,1004.67,2023-09-06,Accessories
466,Mrs. Jillian Russell MD,dannybaker@example.com,70,Other,Lake Johnburgh,14,2679.14,2023-07-18,Gaming
467,Lucas Gay,richardsjanice@example.com,23,Male,Bethshire,20,483.38,2024-04-03,Gaming
468,Elizabeth Kirby,qramos@example.org,52,Female,Jonathanside,46,2251.85,2024-06-18,Gaming
469,Kenneth Goodman,hrowland@example.net,77,Male,Matthewburgh,8,3780.82,2024-03-29,Software
470,Tom Banks,melinda70@example.org,58,Male,West Kelly,8,1737.86,2023-11-30,Accessories
471,David Walker,willispaul@example.org,54,Female,North Ianhaven,9,3324.56,2024-06-27,Software
472,Miguel Davis,imann@example.org,41,Female,Christopherton,25,3977.25,2024-01-06,Software
473,Ryan Taylor,uowens@example.net,46,Male,East Stephaniebury,40,4635.89,2024-05-02,Software
474,Laura Martin,yeseniamurphy@example.com,66,Female,East Cassandramouth,34,1173.21,2024-03-08,Electronics
475,Joseph Hicks,jennifer94@example.net,63,Male,Willisbury,24,1996.58,2023-08-03,Electronics
476,Mark Vaughn,lukewoodward@example.com,70,Other,Matthewburgh,25,762.08,2023-12-28,Accessories
477,Aaron Howard,andersonaustin@example.com,48,Male,Zhangton,10,4962.42,2024-05-08,Accessories
478,Annette Ray,nielsenjared@example.net,52,Other,New John,37,4635.0,2023-12-01,Electronics
479,Steven Scott,ibecker@example.org,77,Male,Mendezview,1,2699.79,2023-11-28,Electronics
480,John Lara,wstrong@example.net,50,Female,Ramosfort,6,4210.17,2023-10-31,Software
481,Sarah Thompson,davidfernandez@example.org,69,Other,East Edward,17,2604.79,2023-09-25,Gaming
482,Brianna Kelley,adamseugene@example.org,78,Female,Jesuschester,26,3117.93,2024-02-11,Gaming
483,John Bowen,richardgonzalez@example.org,38,Other,West Holly,33,445.62,2024-05-25,Gaming
484,Nicole Thompson,jessicajohnson@example.com,49,Other,Karenshire,26,3776.35,2023-10-06,Gaming
485,David Alvarez,georgeamanda@example.com,40,Male,Sanchezfurt,16,638.57,2024-05-26,Gaming
486,Yvonne Garcia,rhonda33@example.com,50,Male,Baldwinbury,42,4130.34,2023-08-12,Software
487,Michael Frederick,michael52@example.net,20,Male,Lake Thomasmouth,43,3910.14,2024-01-30,Accessories
488,Sandra Townsend,brownbrandi@example.org,35,Male,South Jacob,23,3543.72,2024-04-04,Electronics
489,Laura Clark,jeremy14@example.com,42,Female,New Dianaport,24,180.8,2024-02-22,Software
490,Beth Smith,nicole25@example.org,59,Male,South Kevin,6,1515.64,2024-01-06,Gaming
491,Rebecca Baird,omendez@example.org,48,Male,Gentryview,5,1315.56,2024-06-20,Electronics
492,Christine Velasquez,asanchez@example.net,71,Other,Brianmouth,23,1800.68,2023-08-21,Software
493,Jacob Suarez,fbrown@example.org,75,Female,Lake Curtisland,32,438.21,2023-07-09,Gaming
494,Jennifer Quinn,tiffany02@example.org,20,Female,North Sarah,48,4684.79,2023-12-10,Software
495,Brad Taylor,jessica68@example.net,57,Other,Brettville,28,2769.01,2023-10-16,Electronics
496,Nicholas Vance,donnamcgee@example.org,63,Other,Thomasfurt,42,1527.62,2023-09-11,Accessories
497,Wayne Castro,brittney08@example.com,41,Male,Lake Kurtland,21,1984.91,2023-09-17,Gaming
498,Carolyn Woods,stephanie35@example.net,67,Female,Robertmouth,25,2236.01,2024-04-21,Electronics
499,Joseph Moore,michael41@example.com,49,Male,Myersstad,27,3002.97,2023-10-22,Electronics
500,Austin Bell,hubbardkarla@example.org,64,Other,Port Clinton,49,2578.4,2024-01-13,Accessories
501,Elizabeth Jones,philip84@example.com,39,Male,Patrickfort,20,4596.96,2023-11-23,Software
502,Justin Li,bradley64@example.org,40,Female,East Johntown,48,2484.82,2024-01-07,Accessories
503,Tammy Aguilar,toddvelasquez@example.net,19,Male,Bakerstad,6,4960.79,2023-09-30,Accessories
504,Stephen Bailey,powellrobert@example.com,44,Female,Baileyfurt,16,4257.12,2023-09-03,Software
505,Joseph Bernard,smithmaria@example.org,59,Male,Jasonstad,19,1042.55,2023-10-29,Software
506,Martin Goodman,brittanyford@example.org,19,Male,Lake Sandra,40,4652.98,2023-07-14,Software
507,Anna Hunter,joseph88@example.net,43,Female,Lake Johnchester,48,581.83,2023-07-16,Electronics
508,Erin Christensen,wramsey@example.com,34,Female,New Joshuaview,19,4087.25,2023-11-03,Electronics
509,Kelsey Brown,joe24@example.net,57,Female,Morrisland,21,1903.12,2024-01-14,Gaming
510,Paul Green,owalters@example.net,50,Male,North Kennethbury,27,4389.87,2023-07-27,Gaming
511,Charles Smith,vasquezjonathan@example.net,26,Male,Tracychester,39,4340.28,2023-09-21,Accessories
512,Caleb Montoya,tylerberg@example.org,60,Male,Jonesland,48,4029.63,2023-09-29,Accessories
513,Joel Gonzalez,ajones@example.net,71,Other,North Brandonstad,6,3950.15,2024-01-04,Gaming
514,Vanessa Garrett,cjackson@example.org,65,Male,West Christopher,0,1523.4,2024-03-11,Accessories
515,Bradley Beck,romerocharles@example.com,56,Female,Riverachester,31,404.6,2023-10-10,Software
516,Rachel Bell,hernandezjacob@example.net,46,Female,North Erikamouth,12,2014.9,2023-08-14,Electronics
517,Barbara Combs,garyferrell@example.com,59,Female,Leeton,29,867.62,2024-04-24,Gaming
518,William Davidson,belindasavage@example.net,72,Male,Staceymouth,22,3474.76,2024-07-01,Electronics
519,Brittany Flores DVM,vhenderson@example.com,43,Female,Smithville,18,1730.5,2023-07-16,Gaming
520,Sherry Mitchell,sara45@example.net,52,Female,Carlsonfort,31,4878.05,2024-06-13,Electronics
521,Michael Hall,mcampbell@example.org,67,Other,Sophiatown,29,3204.86,2023-12-29,Gaming
522,Kenneth Crawford,thomas89@example.com,42,Other,Davisberg,28,4112.4,2024-04-23,Electronics
523,Shannon Garcia,diazhenry@example.org,41,Female,Sheltonhaven,48,662.62,2023-10-09,Software
524,Joel Wolf,nicholas30@example.com,30,Other,Nicholasstad,44,4310.07,2023-10-25,Gaming
525,Danny Jones,shermanrichard@example.org,77,Other,Port Charles,28,4613.79,2024-06-03,Gaming
526,Diana Anderson,morgandennis@example.com,75,Female,North Ashleyfort,29,2435.31,2024-04-01,Gaming
527,Micheal Chapman Jr.,nicole01@example.net,24,Male,South Dan,15,3031.26,2023-07-22,Software
528,Christopher Smith,michelebarrett@example.com,74,Male,Wilsonburgh,39,3824.05,2024-02-27,Electronics
529,Victor Wallace,williamgonzalez@example.org,53,Female,Hayesville,18,874.19,2023-11-13,Gaming
530,John Russell,brittany92@example.org,62,Male,Prestonburgh,17,2512.83,2024-02-15,Electronics
531,Austin Williams,micheal70@example.com,37,Other,Lake Andrew,0,1993.32,2024-04-26,Software
532,Mr. Jeffrey Jimenez,wadams@example.com,18,Female,Harrisonfort,13,731.87,2024-01-11,Accessories
533,Thomas Brooks,ryan46@example.org,25,Male,New Crystalfurt,46,1837.67,2024-02-10,Gaming
534,Calvin Brown,bakerbrian@example.net,63,Male,New Marymouth,49,340.86,2024-05-04,Software
535,Faith Hill,iconway@example.org,33,Other,Kyleberg,1,129.06,2024-03-24,Electronics
536,Thomas Green,bjohnson@example.org,31,Female,East Kaylaville,27,675.83,2023-10-09,Gaming
537,Dillon Johnson,valerie36@example.net,29,Female,East Brian,48,4815.58,2023-07-28,Electronics
538,Isabella Lester,quinnnatalie@example.org,68,Other,Frankport,49,2747.65,2024-05-14,Accessories
539,Antonio Johnson,robertgarcia@example.net,40,Female,Port Robert,29,4829.11,2024-05-03,Gaming
540,John Glenn,butlerdaniel@example.com,32,Female,Jamesburgh,37,2162.49,2023-08-03,Gaming
541,Shelley Robinson,cbowen@example.net,45,Other,North Karenland,3,1559.08,2023-11-02,Electronics
542,Sara Jordan,sherifritz@example.org,51,Other,Sarahshire,0,2530.71,2024-03-16,Gaming
543,Bonnie Byrd,david02@example.com,19,Male,Port Scott,7,2197.56,2023-12-25,Software
544,Ryan Hughes,leechelsea@example.net,49,Female,South Adamton,28,528.32,2023-07-07,Software
545,Carolyn Chen,brian64@example.com,40,Other,Cookberg,38,3204.13,2023-09-17,Accessories
546,Robert Diaz,griffithgregory@example.org,39,Male,South Jasmineport,2,1080.19,2023-07-30,Software
547,Erika Rose,fosterchristopher@example.com,68,Female,East Donnafort,31,3097.94,2023-07-22,Accessories
548,Sandra Williams,karen95@example.org,42,Male,Harrisport,9,3251.01,2023-08-18,Electronics
549,Paul Campbell,hardyelizabeth@example.net,75,Other,North Robert,9,760.12,2023-08-21,Electronics
550,Tyler Fischer,curtisjoseph@example.com,79,Female,Brownfurt,18,306.75,2023-09-10,Accessories
551,Brenda Hughes,stacymyers@example.net,78,Male,Lake Bill,45,3903.81,2024-04-03,Software
552,Christopher Boyd,graytiffany@example.net,39,Other,Delgadoshire,33,2299.0,2023-11-07,Software
553,Christina Meyer,perrymatthew@example.net,75,Other,Richardsburgh,32,290.82,2023-07-23,Accessories
554,John Roy,kevingriffin@example.org,75,Other,Saramouth,22,4974.33,2023-07-18,Accessories
555,Victoria Hill,victor87@example.com,39,Other,Morrisonmouth,27,288.9,2024-01-23,Electronics
556,Diana Hernandez,kathleen33@example.com,66,Other,Jenniferland,31,3475.18,2023-10-25,Accessories
557,Cheryl Burton,nrangel@example.net,69,Other,Romanstad,49,4918.39,2024-04-08,Software
558,Mike Harris,brandonmorgan@example.com,59,Other,West Stevenshire,6,1195.9,2024-04-13,Accessories
559,Jessica Lindsey,angelica92@example.com,23,Male,Riverston,28,711.25,2024-03-18,Accessories
560,Laura Davis,jacqueline93@example.net,32,Female,Cortezshire,7,606.92,2024-02-29,Accessories
561,Sharon Johnson,andres84@example.com,71,Female,Cynthiafort,0,1516.38,2023-09-27,Electronics
562,Alan Hall,kellymedina@example.net,60,Male,West Jasonside,2,505.23,2024-03-20,Accessories
563,Heather Duffy,tdiaz@example.com,77,Other,North Cassandraville,23,3460.81,2024-05-28,Gaming
564,William Armstrong,fsparks@example.org,54,Female,Taylorburgh,22,311.46,2024-06-19,Gaming
565,Diane Russell,davidcombs@example.org,50,Other,West Joshua,7,2547.11,2024-06-07,Gaming
566,Todd Buchanan,lamnichole@example.net,25,Female,Swansonport,46,4983.48,2024-02-28,Software
567,Shannon Conner,rsmith@example.org,70,Other,East Michelle,36,4069.85,2024-01-23,Software
568,Carly Mccoy,william28@example.net,77,Male,Hooverbury,2,3076.1,2024-02-06,Accessories
569,Daniel Snyder,vanderson@example.net,61,Other,East Madison,32,1531.27,2024-04-24,Gaming
570,Michael Bailey,andrew78@example.org,61,Female,Petersonville,27,3119.48,2024-05-23,Electronics
571,Vincent Cunningham,reeddiane@example.org,22,Other,Youngmouth,46,2635.21,2023-11-14,Gaming
572,Erika Martin,guerrerorobert@example.com,56,Female,West Victoriabury,7,2130.42,2023-09-27,Gaming
573,John Valdez,eclark@example.net,21,Other,East Samantha,33,653.55,2023-07-24,Software
574,Mr. Derek Harris DDS,campbellashley@example.com,23,Female,North Christianmouth,34,4433.02,2023-08-04,Software
575,Kyle Chavez,tarashields@example.com,62,Female,West Kevinton,31,2248.92,2024-06-05,Electronics
576,Joshua Diaz,rrice@example.net,49,Female,East Ellenbury,23,973.11,2024-03-02,Software
577,Audrey Mitchell,andres67@example.org,69,Other,Dunnshire,13,1838.8,2023-07-22,Electronics
578,Charles Gomez,jackwalker@example.net,47,Female,East Brittanyburgh,31,2070.65,2023-07-11,Software
579,Diane Peterson,aaroncardenas@example.net,64,Other,Katherinefurt,45,4137.69,2023-10-13,Gaming
580,Amy Harrison,mariah88@example.net,52,Male,New Victorialand,42,3668.07,2023-09-22,Gaming
581,Carl Moore,christinewhite@example.com,72,Male,South Ruthbury,15,3846.52,2023-09-10,Electronics
582,Cody Johnson,cruzjerry@example.com,57,Female,West Angela,3,55.16,2024-06-20,Electronics
583,Joanne Thompson,john73@example.net,69,Other,North Katherineport,36,2080.77,2023-10-23,Software
584,Nicholas Marquez,denisehooper@example.net,33,Female,Patriciashire,20,2406.72,2023-12-14,Software
585,Dr. Kristin Patel,brittanymiller@example.net,30,Other,East Darren,13,95.96,2024-04-07,Electronics
586,Joshua English,kevin41@example.com,67,Other,South Melissaview,30,1299.07,2024-06-06,Electronics
587,Amanda Houston,cynthia31@example.org,77,Male,North Tina,47,3801.45,2024-03-15,Gaming
588,Stephanie Hale,mitchellkyle@example.com,59,Other,Lake Matthewland,17,685.55,2024-05-31,Gaming
589,Billy Roberts,dunderwood@example.net,47,Other,North Hunterport,6,2676.55,2024-06-25,Electronics
590,Robert Green,poncejohn@example.org,36,Female,South Kayla,9,1076.01,2023-12-04,Gaming
591,Ethan Romero,thompsonmary@example.org,34,Female,Thomashaven,6,60.6,2024-02-28,Accessories
592,Jenna Delacruz,wgreene@example.net,73,Other,Smithside,32,1206.01,2024-01-07,Software
593,Mr. Robert Johnson,jonathan63@example.org,36,Male,North Robertmouth,22,4879.37,2023-09-02,Gaming
594,Randy Hill,christopher87@example.org,45,Female,New Elizabeth,20,4007.69,2023-09-13,Accessories
595,Zachary Holloway,josephwilliams@example.com,75,Female,Patrickfort,18,4797.88,2024-01-26,Electronics
596,Shannon Holmes DVM,robertcarter@example.com,72,Male,Rushville,47,2439.27,2023-11-12,Gaming
597,Jacqueline Taylor,john57@example.com,43,Female,Lake Danny,18,548.68,2024-06-11,Electronics
598,Paula Shaffer,olamb@example.net,54,Other,Baileyfurt,35,2739.8,2023-10-02,Software
599,Frank Hood,nanderson@example.org,43,Other,Kylieport,28,2271.89,2024-04-28,Electronics
600,Mary Powell,patty83@example.com,70,Other,New Martin,17,4221.79,2024-06-05,Accessories
601,Traci Greene,petersdavid@example.com,79,Female,Anafurt,1,490.41,2024-01-04,Electronics
602,Charles Smith,mallory15@example.net,40,Female,Amandaview,0,2441.21,2024-05-01,Accessories
603,David Berry,robinsonterry@example.com,26,Female,Jeffreyland,46,750.24,2023-08-12,Gaming
604,Thomas Williams,randalljohnson@example.com,29,Female,Erikaberg,4,1623.38,2024-02-07,Gaming
605,Lisa Lewis,justinjackson@example.com,70,Other,East Jasmineport,19,3686.79,2024-06-09,Accessories
606,Lindsey Miller DDS,ikhan@example.org,18,Male,Lake Corey,10,2380.09,2024-03-24,Software
607,Andrea Guzman,freyloretta@example.net,75,Other,South Veronicatown,41,1879.44,2024-02-25,Software
608,Ronald Johnson,hopkinsbrett@example.com,75,Female,Schneiderfurt,1,1972.38,2023-09-23,Software
609,Sandra Cuevas,agarcia@example.com,18,Other,Brandonfort,2,2297.23,2024-03-07,Gaming
610,Fernando Stewart,kevin54@example.org,64,Male,Castromouth,22,3925.08,2024-01-15,Gaming
611,Joseph Perez,dreeves@example.net,51,Other,Barkerburgh,11,4460.42,2023-12-06,Software
612,Shannon Bailey,sandrabryan@example.net,49,Male,East Diana,19,4776.67,2023-10-15,Electronics
613,Nicole Bradley,zhernandez@example.org,79,Female,Spencermouth,4,3934.52,2024-04-29,Software
614,William Wilson MD,brandon56@example.org,71,Other,Shannonton,36,1577.03,2023-09-08,Electronics
615,Lori Garcia,miguelcrawford@example.org,65,Other,Lake Jennifer,37,3440.67,2023-11-12,Software
616,Ryan Walter,ivillanueva@example.net,42,Other,Deleonville,29,2188.02,2023-11-12,Electronics
617,Cody Dixon,lindacochran@example.com,57,Other,North Suzanne,8,1273.35,2024-06-16,Gaming
618,Christian Davis,stanleywilliam@example.net,62,Female,Coxville,33,4204.36,2024-01-19,Software
619,Justin Mccarty,cooperrobert@example.org,70,Male,Williamsfurt,43,192.13,2023-07-18,Software
620,Kaitlyn Jones,juanwilcox@example.org,18,Male,Jeremyport,34,4508.81,2024-01-16,Accessories
621,Jackie Bradley,crystallewis@example.net,33,Other,Coxberg,21,2307.39,2024-03-24,Software
622,Whitney Davis,robertdaniel@example.org,78,Female,Richardton,43,3186.01,2024-05-13,Electronics
623,Jasmine Baker,xavierwhite@example.com,56,Male,Port Colleen,23,3296.77,2023-09-09,Accessories
624,Joe Johnson,michael84@example.net,22,Male,Sarahmouth,16,4475.59,2023-07-10,Software
625,Brandon Myers,icoleman@example.net,39,Male,Anthonyview,9,3183.35,2024-03-30,Software
626,Tiffany Baker DDS,ophillips@example.net,46,Male,Lowechester,29,3069.67,2024-01-26,Gaming
627,Jennifer Moon,kathleen74@example.org,72,Male,Hamiltonhaven,45,333.26,2024-01-10,Accessories
628,Holly Foster,jasonbrown@example.net,20,Male,Jamesshire,22,2592.04,2024-03-23,Electronics
629,Amanda Williams,jodireed@example.com,29,Female,Burnettside,31,750.85,2023-11-14,Software
630,David Benton,amanda32@example.org,43,Other,Webbville,16,3687.17,2023-10-03,Gaming
631,Jennifer Cunningham,morrissteven@example.net,33,Male,West Christinaberg,49,2561.11,2023-12-19,Software
632,Nicole Hernandez,lwest@example.net,68,Female,Guerreroton,16,3401.14,2023-12-29,Accessories
633,Jennifer Brown,brownjason@example.com,54,Female,Colemanborough,13,208.36,2023-11-15,Electronics
634,Emily Smith,morsecorey@example.org,39,Other,West Krista,8,423.96,2023-09-20,Gaming
635,Alan Holland,blevinslinda@example.org,74,Other,South Kendra,39,3581.62,2024-05-14,Software
636,Frank Hardy,wilsonjames@example.net,46,Male,New Lisa,1,360.42,2024-03-08,Electronics
637,William Rose MD,aaronmccarthy@example.com,31,Other,West Mark,44,356.28,2023-07-21,Software
638,Robin Love,cynthiadecker@example.org,45,Other,Williamsport,24,60.54,2023-10-14,Software
639,Kelly Hernandez,ashley41@example.net,22,Female,Debrashire,38,4782.51,2023-07-29,Accessories
640,Taylor Jackson,vincent70@example.com,64,Female,Collinshaven,8,3687.54,2024-06-15,Accessories
641,Morgan Weiss,monroeanita@example.com,66,Female,Lake Daniel,21,1766.26,2023-08-31,Software
642,Andrew Nichols,canderson@example.com,47,Male,South Evelynhaven,42,1482.68,2024-02-10,Gaming
643,Brittany Woods,xriley@example.com,63,Male,Josephstad,45,1748.52,2023-07-13,Accessories
644,Jesse Reynolds,brittany68@example.net,79,Other,Walkerville,3,3873.27,2024-01-10,Accessories
645,Benjamin Bender,mccormickzachary@example.org,69,Other,Port Michaelville,25,3306.85,2024-05-25,Accessories
646,Stephanie Huerta,dwilson@example.net,22,Male,Juanberg,28,925.98,2024-03-27,Accessories
647,David Thomas,zpitts@example.net,29,Male,Matthewberg,44,870.55,2024-03-11,Electronics
648,Matthew Bailey,connerchristina@example.com,33,Female,Erinmouth,33,491.98,2023-11-05,Software
649,David Ferguson,charlotte98@example.org,43,Male,Ronniefurt,22,3301.51,2024-06-10,Electronics
650,Hannah Phillips,carolsmith@example.net,43,Male,Sarahmouth,36,3821.86,2024-06-19,Electronics
651,Richard Perry,shannon45@example.com,65,Other,Rebeccaville,10,1325.23,2024-06-11,Software
652,Jodi Gonzales,johnreyes@example.com,38,Other,Mitchellstad,5,104.72,2023-09-19,Accessories
653,Brittany Nichols,derek44@example.org,56,Female,West James,17,410.86,2024-06-16,Gaming
654,Penny Sanders,grayjerry@example.org,53,Male,Christophertown,20,4839.3,2023-12-05,Accessories
655,Stephen Hamilton,hopkinspaul@example.net,50,Other,South Theresaton,41,1477.22,2023-12-01,Accessories
656,Wesley Sullivan,csharp@example.com,79,Male,East Michellemouth,35,3846.12,2023-12-19,Accessories
657,Ryan Johnson,jonathankelly@example.org,47,Male,North Jeffreymouth,40,3123.32,2024-06-08,Accessories
658,Mr. Raymond Vazquez,bankskelly@example.org,54,Female,Jasonstad,37,1909.7,2023-10-11,Gaming
659,Mackenzie Hicks,tiffany87@example.com,40,Male,Jeanview,33,1028.44,2024-01-05,Electronics
660,Ricardo Massey,cannondeborah@example.com,75,Female,Fowlerport,16,606.93,2023-09-12,Gaming
661,Alejandra Johnson,gskinner@example.org,27,Other,Jamesberg,36,3075.06,2024-06-09,Software
662,Johnny Montgomery,bjohnson@example.org,71,Other,North Michaelberg,24,3873.17,2023-10-08,Accessories
663,Monica Miles,karen99@example.org,22,Other,Glennport,37,3219.52,2024-05-07,Gaming
664,David Gutierrez,matthew45@example.org,53,Other,Port Ernest,11,2651.51,2023-07-10,Software
665,Lawrence Oconnor,amyrodriguez@example.org,51,Female,West George,22,209.76,2024-04-26,Gaming
666,Eric Romero,gomezbill@example.com,69,Female,Nathanmouth,41,4842.44,2024-04-17,Accessories
667,Paula Pratt,joyhahn@example.net,48,Other,Davidchester,21,3993.57,2023-09-06,Accessories
668,Erica Hicks,luis92@example.com,27,Other,New Marcia,20,1464.11,2023-10-21,Software
669,Anne Williams,ymartin@example.net,75,Other,West Kayla,26,4899.85,2023-09-27,Gaming
670,Heather Howard,pcook@example.net,36,Female,Douglasland,30,3009.41,2023-07-05,Accessories
671,John Ball,matthewclark@example.com,75,Other,Port John,5,2912.11,2024-03-05,Software
672,Karen Perkins,jillian75@example.com,49,Female,East Kristiview,26,3740.37,2023-10-23,Gaming
673,Felicia Carney,zwright@example.org,18,Male,South Russellview,39,4058.85,2024-06-13,Gaming
674,Christian Williams,john80@example.net,73,Other,West Jimmy,33,3282.39,2024-05-04,Software
675,Rebecca Perez,ttaylor@example.net,22,Female,West Jack,11,640.48,2023-09-19,Gaming
676,Gary Rasmussen,payneanthony@example.net,62,Female,Adrianstad,44,1691.34,2024-05-26,Gaming
677,Henry Bates,juliesmith@example.org,21,Female,Port Julie,6,4640.42,2024-05-19,Accessories
678,Kelly Clayton,toddgarrett@example.net,33,Male,New Richard,9,1123.08,2023-10-09,Accessories
679,Alexander Cervantes,douglasblair@example.org,41,Other,Smithfurt,44,1860.84,2023-08-03,Accessories
680,Tiffany Jones,underwoodcarla@example.net,33,Female,Danielland,16,2160.38,2024-01-19,Software
681,Anthony Cox,jessica11@example.org,72,Other,East Melissaland,25,2197.02,2023-12-12,Electronics
682,Shaun Graham,adamsaaron@example.net,19,Female,Howardhaven,20,3064.7,2024-01-27,Gaming
683,Joshua Martinez,heather81@example.org,66,Other,Austinhaven,27,4715.38,2024-03-24,Software
684,Angela Hudson DVM,david24@example.org,45,Male,Richshire,45,1203.46,2024-04-05,Electronics
685,James Huerta,anthony32@example.com,49,Female,West Stacyton,1,607.51,2023-11-17,Electronics
686,Billy Cummings,forbeseric@example.com,44,Female,Dawnchester,42,987.35,2023-11-11,Software
687,Stephanie Richardson,xhamilton@example.com,37,Male,North Gloriafort,0,4434.62,2023-09-29,Electronics
688,Christine Young,bgonzalez@example.net,41,Other,Moraborough,35,3229.05,2023-09-05,Accessories
689,Brittany Conley,cummingslinda@example.net,29,Female,Stephensville,25,1429.53,2024-04-20,Software
690,Karen James,jamesblake@example.org,67,Male,Contrerasville,28,4079.73,2023-10-26,Gaming
691,Monica Snow,ycooper@example.org,52,Female,South Brandyside,20,4306.85,2024-01-14,Accessories
692,Dalton Edwards,clairemonroe@example.org,77,Female,Gutierrezmouth,10,4232.57,2023-07-21,Gaming
693,Steven Price,phaney@example.org,50,Female,South Anthonyland,39,4594.63,2024-03-06,Electronics
694,Justin Daniels,zacharyphillips@example.org,50,Other,East Kathryn,10,1261.21,2023-08-08,Accessories
695,John Frank,jcampbell@example.net,78,Male,West William,35,3775.21,2023-08-28,Gaming
696,Stephanie Dixon,ybarajas@example.org,68,Male,Stephenland,48,2302.7,2023-10-26,Software
697,Angela Holmes,christopher57@example.net,60,Male,Port Kristen,38,4209.99,2024-01-08,Electronics
698,Benjamin Cooper,stacylutz@example.org,54,Male,Nelsonburgh,39,3642.45,2024-04-25,Gaming
699,Eric Martinez,lmason@example.net,29,Female,Millerside,34,3882.24,2023-09-15,Electronics
700,Nicholas Ortega,gjacobs@example.net,20,Other,Ritterside,33,3280.81,2024-04-22,Gaming
701,Amy Herman,anthonymarsh@example.org,18,Male,Jenniferside,46,887.14,2023-09-21,Software
702,Frank Ibarra,hopkinssandra@example.com,50,Other,Jessicaville,23,2725.13,2023-11-17,Accessories
703,Anthony Wagner,gonzalezshelly@example.com,57,Male,West Stevenmouth,21,4923.35,2024-05-16,Gaming
704,Devin Hines,ipalmer@example.org,27,Male,Port Michaelbury,4,4686.94,2024-06-14,Electronics
705,Jennifer Villarreal,marywatson@example.net,60,Female,Figueroachester,32,215.87,2024-04-02,Software
706,Kaitlyn Campos,rbrown@example.org,61,Female,Moranhaven,35,824.07,2024-05-25,Accessories
707,Kyle Robles,kiddgabriel@example.org,46,Female,Danielhaven,46,658.64,2024-06-06,Electronics
708,Scott Roberts,qroach@example.net,30,Other,New Roger,19,3629.9,2023-10-02,Software
709,John Hansen,markolson@example.org,29,Female,North Robertton,18,4088.93,2023-08-08,Electronics
710,Shannon Fisher,daniel57@example.net,48,Female,Bensonborough,34,1067.56,2024-06-09,Software
711,Jenna Peterson,mjones@example.net,63,Male,Francesfurt,42,2529.26,2024-01-09,Accessories
712,Michelle Randolph,grice@example.com,19,Male,Johnsonside,16,4203.52,2024-01-09,Accessories
713,Janice Moore,millerstacey@example.com,78,Female,West Melissaville,44,3664.01,2024-02-15,Electronics
714,Roger Simmons,foxmackenzie@example.net,68,Female,West Julieburgh,42,2711.19,2023-09-17,Software
715,Brandy Price,whitebethany@example.com,67,Other,Colleentown,33,2951.74,2023-08-12,Gaming
716,Stephanie Peterson,brandon63@example.net,52,Other,Molinastad,8,2541.8,2024-05-10,Accessories
717,Jesse Lewis,priscilla20@example.com,40,Male,Gardnerfurt,25,1487.74,2024-04-26,Gaming
718,Randy Gonzales,wmitchell@example.com,34,Other,Carolville,1,2825.11,2024-03-05,Gaming
719,Matthew Baker,michaelbenson@example.com,43,Female,Thomaston,8,3444.43,2023-08-23,Electronics
720,Melanie Henderson,castrojennifer@example.com,25,Female,North Veronica,8,4366.61,2023-08-05,Electronics
721,Victoria Thomas,montescarolyn@example.net,46,Male,South Barbara,39,3181.46,2023-10-08,Electronics
722,Mr. Michael Johnson,susan02@example.com,43,Female,Joanview,16,3805.61,2023-12-30,Software
723,James Wilson,hreed@example.org,27,Female,Brownside,0,800.36,2024-03-10,Accessories
724,Emily Miller,jamiefoley@example.com,43,Female,Schultzborough,24,2307.79,2024-04-25,Accessories
725,Tyler Holland,todd58@example.net,79,Female,Michaelview,42,46.66,2024-03-02,Gaming
726,Victoria Adkins,amy44@example.org,51,Other,West Jackie,39,1233.39,2024-05-10,Electronics
727,Tyler Rogers,mary44@example.com,68,Other,Pattersonton,41,3632.31,2024-03-05,Software
728,Peter Webster MD,andersonsamantha@example.com,58,Other,Summerton,24,4959.05,2023-08-16,Accessories
729,Lisa Jones,mattheweverett@example.net,24,Other,South Marie,38,495.89,2024-06-08,Software
730,David Perry,simmonsrhonda@example.org,21,Other,North Joshua,34,2007.47,2023-10-13,Electronics
731,Donald Jones,cheryl06@example.org,75,Male,Aprilberg,2,4000.35,2023-12-21,Electronics
732,Billy Cordova,xjohnson@example.com,70,Female,Burkeberg,49,1020.18,2023-11-27,Accessories
733,Jessica Lewis,wsnyder@example.com,67,Male,Port Tami,36,2775.42,2024-05-16,Gaming
734,Julia Alvarez,mary45@example.net,62,Female,North Lauraland,43,3665.36,2023-11-13,Gaming
735,Heather Boyd,johnsonjulie@example.net,28,Female,Rachelside,43,3079.93,2024-04-27,Electronics
736,Stephanie Wang,davissamuel@example.com,46,Female,West Jennifer,29,940.12,2023-10-08,Electronics
737,Karen Ruiz,pricekimberly@example.net,73,Male,East Amanda,37,1776.92,2023-12-06,Gaming
738,Leah Schwartz,larry78@example.net,53,Female,Jessicafort,33,3918.96,2023-09-10,Electronics
739,Austin Andrews,ewilliams@example.net,42,Female,North Stephanieberg,11,2771.13,2024-03-21,Accessories
740,Melinda Austin,debra92@example.org,38,Other,Markview,18,26.15,2024-05-17,Accessories
741,Travis Richardson,cnichols@example.com,78,Other,Thomashaven,36,3804.95,2024-02-29,Software
742,Eric Fitzgerald,johnsonrebecca@example.com,74,Female,Richardsonland,43,176.56,2024-07-01,Gaming
743,Megan Bradley,devingonzalez@example.net,53,Other,Wilcoxmouth,48,3728.67,2023-11-09,Electronics
744,Kayla Fields,bellsandra@example.org,27,Male,New Caleb,16,1012.4,2023-12-10,Software
745,William Blake,reidalexis@example.net,54,Female,East Sandrashire,9,4790.37,2024-03-15,Accessories
746,Paul Roach,jayvalencia@example.net,26,Male,West Dillonberg,48,1839.7,2024-06-25,Gaming
747,Mr. Kenneth Payne,scurry@example.com,41,Other,Mcguirehaven,46,1634.66,2023-12-18,Accessories
748,Anthony Chang,justin94@example.org,52,Other,Lake Josephburgh,11,744.44,2023-12-03,Electronics
749,Aaron Scott,leroy68@example.org,66,Male,Hicksmouth,15,1528.02,2024-04-08,Software
750,Julia Williams,nboyle@example.org,52,Female,Tarahaven,23,4383.25,2023-12-15,Electronics
751,Natasha Crawford,jeffrey70@example.org,65,Other,Matthewstad,18,4981.67,2023-12-24,Electronics
752,Jesus Greene,jason65@example.org,53,Other,South Sharon,7,1841.55,2024-01-01,Gaming
753,Carolyn Pearson,wendyknox@example.com,35,Other,Payneton,30,2243.05,2023-11-04,Gaming
754,Kevin Miller,shawkyle@example.com,66,Male,South Alexberg,20,3610.35,2024-02-28,Electronics
755,Tonya Coleman,kathywade@example.net,56,Male,Elizabethmouth,16,4430.98,2023-08-25,Gaming
756,Tina Mendez,mwright@example.com,49,Other,East Barbaraborough,22,2965.22,2023-11-30,Software
757,Michael Rodriguez,jasontodd@example.net,41,Female,Bateshaven,36,1957.63,2023-08-05,Software
758,Valerie Mcconnell,sheila35@example.net,40,Male,Lake William,15,2063.11,2023-08-23,Electronics
759,Nicole Mccall,fitzgeraldjoyce@example.com,79,Female,Port Anne,5,3478.09,2024-05-11,Software
760,Renee Fisher,velezmelissa@example.com,49,Male,Josephport,7,16.09,2023-12-22,Electronics
761,Mr. Dennis Dominguez PhD,jfoley@example.net,54,Male,Nathanland,24,3097.95,2024-06-28,Software
762,Elizabeth Tate,jenkinsmaria@example.org,29,Female,Sampsonfurt,17,1777.47,2023-09-10,Accessories
763,John Flowers,guerraandrew@example.org,66,Female,Shahchester,24,3970.99,2023-12-23,Electronics
764,Brent Carroll,randallkaiser@example.net,72,Female,Lynchbury,11,464.95,2023-07-05,Software
765,Adam Faulkner,carlsonemily@example.org,30,Male,New Williamchester,14,2941.01,2023-10-25,Accessories
766,Brian Snow,james96@example.org,40,Female,Cookchester,25,2404.86,2024-03-13,Electronics
767,Nicole Anderson,woodskenneth@example.net,42,Female,Lake Williamborough,40,3211.63,2023-12-07,Software
768,Alejandro Diaz,martin62@example.net,52,Female,Lisachester,44,324.27,2023-11-13,Software
769,Michael Stokes,hrobinson@example.org,58,Female,North Amy,25,2899.92,2024-05-23,Accessories
770,Dr. Erin Miller MD,hrhodes@example.net,47,Female,Davidfort,46,2807.42,2023-11-01,Gaming
771,Dr. Jeremy Lambert,william20@example.com,34,Female,New Natalie,31,2803.3,2024-04-12,Gaming
772,Linda Ortega,robertcampbell@example.org,66,Female,West Nathan,9,3017.44,2023-12-27,Accessories
773,Ian Brennan,billyfrederick@example.com,79,Male,Port Kevin,15,3382.34,2024-06-30,Accessories
774,Donald Guzman,michelle34@example.com,37,Female,North Brandonmouth,6,4024.94,2024-05-03,Electronics
775,Matthew Larson,tfoster@example.net,65,Male,Christophermouth,16,1349.1,2024-01-22,Gaming
776,John Rodriguez,lamjohn@example.org,42,Other,West Danielbury,22,4125.25,2024-01-23,Electronics
777,Ryan Fowler MD,rojasderrick@example.net,39,Other,South Shawn,25,2491.28,2023-08-19,Software
778,Deborah Baker,valerie23@example.com,30,Male,Port Roberttown,20,385.29,2023-09-15,Accessories
779,Gregory Hughes,ramseyjenna@example.com,76,Female,Josephstad,21,292.75,2023-08-28,Electronics
780,Kevin Walton,brentsilva@example.com,36,Male,South Andrewstad,6,1671.19,2023-12-23,Accessories
781,Andres Brown,comptondonald@example.org,66,Other,New Lindsay,13,3924.48,2023-10-06,Electronics
782,Tracey Patton,tschultz@example.net,53,Male,North Ronald,14,3538.4,2024-02-26,Software
783,Krista Stuart,shelly39@example.net,29,Other,Port Theresa,6,3943.07,2023-08-21,Software
784,Emily Williams,tanya96@example.net,78,Male,Montgomeryburgh,8,2586.35,2023-08-15,Gaming
785,Joshua Porter,billysmith@example.com,58,Male,South Matthewport,47,2200.99,2023-11-15,Gaming
786,Tasha Gill,brianna83@example.org,36,Male,South Maria,7,737.26,2023-10-31,Software
787,Courtney Romero,pparks@example.com,29,Male,Sarahton,49,1640.96,2023-07-29,Electronics
788,Courtney Long,robertowillis@example.net,26,Male,Karenburgh,22,2170.1,2023-08-31,Accessories
789,Thomas Lopez,michellestafford@example.com,24,Other,Lake Keithton,28,443.0,2023-07-31,Software
790,Holly Tucker,kristiconway@example.com,45,Male,Port Joshuaton,17,1103.06,2024-05-04,Software
791,Dean Mann,baileykatrina@example.com,31,Male,West James,30,2991.13,2024-03-10,Electronics
792,Jennifer White,cheryllarsen@example.net,48,Male,Jacobhaven,29,3678.32,2024-05-29,Software
793,Brad Garcia,dgreen@example.org,69,Female,East John,38,4991.74,2023-08-03,Software
794,Douglas Griffin,brendamorales@example.org,36,Other,Sheilamouth,34,4665.57,2023-09-16,Electronics
795,Jasmine Rodriguez,atkinscharles@example.net,75,Male,Nicholasstad,17,3212.83,2023-07-21,Software
796,Cody Wright,john25@example.net,64,Other,Rogersmouth,41,2106.24,2023-10-04,Gaming
797,Janice Grimes,fgraham@example.org,33,Male,Port Molly,38,3180.89,2023-11-14,Gaming
798,Brian Cervantes,ujones@example.com,70,Female,South Kayla,16,3928.26,2024-04-25,Gaming
799,James Higgins,shannon64@example.org,22,Other,North Brenda,13,591.68,2024-07-02,Gaming
800,Nathan Osborne,lisa64@example.org,52,Female,East Heather,30,2049.52,2023-11-05,Software
801,Stephanie Nguyen,alyssa48@example.org,29,Female,Allenstad,23,4199.01,2024-01-16,Accessories
802,David Smith,stewartbethany@example.org,42,Male,Lake Lindaland,34,1919.16,2023-11-14,Gaming
803,Jason Brown,justin00@example.org,69,Other,Delgadochester,43,2859.36,2023-12-24,Gaming
804,James Olsen,iedwards@example.net,76,Other,Port Hannah,44,2938.85,2024-02-12,Software
805,Mary Smith,cclark@example.org,38,Other,Craigborough,33,922.38,2023-10-28,Software
806,Tonya White,colemanalicia@example.org,53,Other,Christinahaven,2,1811.18,2024-04-03,Electronics
807,Shirley Morrison,torresjeffrey@example.net,70,Male,Lake Bryanton,36,1672.56,2023-12-05,Gaming
808,Jessica Brown,maxwelleric@example.net,40,Male,West Theodorestad,42,130.98,2024-05-04,Electronics
809,Mrs. Jessica Hicks,sharonwillis@example.com,33,Female,North Ericborough,39,120.96,2023-10-04,Gaming
810,Beverly Wright,wwhite@example.net,74,Male,Port Sandra,25,4158.49,2024-02-19,Accessories
811,Michael Owens,maddoxchristopher@example.net,56,Other,West Barbaraton,22,1365.35,2024-04-22,Software
812,Veronica Carpenter,ocooper@example.org,62,Male,West Karen,43,2590.39,2024-01-22,Software
813,Rachael Freeman,joegaines@example.net,70,Female,Port Heatherburgh,38,1493.63,2024-03-24,Electronics
814,Becky Reese,leonardburton@example.org,59,Other,South Brandonbury,14,4703.4,2023-09-07,Electronics
815,Patty Gilmore,ltucker@example.org,75,Other,Leechester,48,1296.48,2024-06-06,Software
816,Ryan Tate,xfranklin@example.com,56,Female,Alexanderberg,3,2148.28,2024-02-28,Software
817,Allison Marquez,jcalderon@example.com,31,Female,New Tracy,28,4363.65,2024-03-06,Software
818,Christine Snow,qingram@example.net,48,Other,South Ronald,21,4209.67,2024-01-31,Gaming
819,Sandra Rivera,patricia63@example.org,75,Male,South Paula,24,930.51,2023-08-10,Gaming
820,Richard Carpenter,leeisaac@example.org,22,Male,North Colleenmouth,12,4013.22,2024-02-14,Accessories
821,Richard Hill,hollandzachary@example.com,52,Other,Angelaport,17,2290.93,2023-10-26,Gaming
822,Chad Cardenas,cookdaniel@example.com,40,Other,East Michelleside,32,2414.84,2023-08-05,Software
823,Kristen Mitchell,grayseth@example.com,46,Other,Julietown,15,667.4,2024-03-06,Gaming
824,Samantha Lopez,dbenjamin@example.com,60,Male,Vaughnhaven,44,403.01,2024-03-13,Electronics
825,Kendra Hodge MD,vdodson@example.org,28,Male,Sanchezfurt,41,3639.7,2023-09-08,Software
826,Kevin Martinez,jwhite@example.com,35,Other,Murrayfurt,43,2482.31,2023-11-18,Gaming
827,Alexis Turner,piercejoann@example.com,64,Female,Mcneilmouth,1,2184.25,2023-09-11,Software
828,Christina Grimes,amanda48@example.org,29,Other,Port Katherine,34,3647.54,2023-08-20,Electronics
829,Cheryl Shelton,davidbruce@example.net,26,Other,Daviston,41,3827.56,2023-10-21,Electronics
830,Michelle Zamora,grocha@example.org,27,Male,Lake Danaburgh,33,794.54,2024-04-25,Gaming
831,Donna Coleman,georgefernandez@example.com,75,Other,Port Melissabury,29,3051.13,2023-08-08,Software
832,Anthony Smith,bhull@example.net,61,Male,North Elizabethtown,12,676.77,2023-09-08,Accessories
833,Aimee Cervantes,clarkdanielle@example.net,34,Female,Bowenfurt,12,3756.88,2023-11-08,Electronics
834,Andrea Wright,gary09@example.org,78,Other,Sloanland,17,3284.78,2023-10-04,Accessories
835,Johnny Pope,acole@example.org,55,Female,Port Johnport,31,4783.07,2024-03-08,Gaming
836,Michael Briggs,qlewis@example.org,24,Other,Ralphbury,31,344.79,2024-06-11,Electronics
837,Joseph Nolan,cassandra15@example.com,63,Female,Lake Tina,34,285.27,2024-01-02,Accessories
838,Kevin Walker,moorelance@example.net,30,Male,Stevenborough,38,1410.94,2024-05-23,Electronics
839,Debbie Collier,garyrodriguez@example.net,57,Other,Thomasville,45,1308.53,2023-11-16,Accessories
840,Steven Armstrong,charlesisabella@example.com,59,Other,South Nicholas,28,1234.89,2024-04-05,Software
841,Caitlin Stone,fwilliams@example.org,26,Female,Petersonstad,48,4531.27,2024-04-13,Software
842,Scott Gonzalez,pmorgan@example.net,67,Male,North Dianaside,28,1247.73,2024-05-23,Gaming
843,Michael Miller,lindsayevans@example.net,44,Female,West Mariaport,43,1359.75,2024-05-18,Electronics
844,Mary Mckenzie,paulmartin@example.net,75,Female,Lake Carlos,15,3796.99,2024-05-01,Accessories
845,Karla Harris,mcdanielbrandon@example.org,19,Male,Port Kristinbury,43,2248.7,2024-04-14,Gaming
846,Willie Ward,luisdaniels@example.org,22,Female,New Deniseton,46,3883.55,2023-08-20,Software
847,David Farley,sheilamartinez@example.org,46,Female,Port Dale,9,326.83,2023-07-09,Software
848,Diane Santiago,schwartzricky@example.net,54,Other,Holmeshaven,29,2437.86,2023-07-09,Gaming
849,Kayla Barry,brianolson@example.net,55,Female,South Tommyfort,24,168.07,2024-02-10,Electronics
850,Daniel Freeman,samuelmedina@example.com,36,Other,South Cynthiaport,38,313.27,2023-08-04,Accessories
851,Patrick Hall,mgray@example.org,25,Male,East Daniel,19,4532.19,2024-06-17,Software
852,Sherry Nash,dalehorton@example.org,65,Female,Andersonmouth,4,696.23,2024-03-15,Gaming
853,Kenneth James,cdunn@example.net,62,Male,Rodriguezville,0,2662.1,2023-09-30,Software
854,Alexandria Rush,kennethkennedy@example.org,18,Other,Pearsonside,29,2055.48,2023-12-20,Software
855,Ana Torres,michelle96@example.com,39,Other,Port Andrea,48,1736.72,2023-09-03,Accessories
856,Nicholas Morris,kimberlybrady@example.net,69,Other,Port Richardberg,2,4499.17,2023-08-16,Electronics
857,Mike Haney,jamesallen@example.org,34,Female,East Charles,44,109.12,2024-06-16,Electronics
858,Dennis Williams,scottjackson@example.net,24,Other,Jacksonborough,13,3318.95,2024-03-27,Accessories
859,Matthew Morales,nfields@example.com,42,Other,West Jennifertown,29,4816.97,2023-08-09,Gaming
860,Karen Martin,calderonmichelle@example.com,62,Female,West Jerryhaven,49,2800.84,2023-11-05,Gaming
861,Ashley Li,rileyralph@example.net,21,Female,South Michelleton,3,4684.11,2024-05-14,Electronics
862,Hannah Pearson,udavis@example.net,53,Female,South Codychester,17,261.29,2023-11-08,Software
863,Michael Cox,eric87@example.org,23,Other,Leeberg,36,2093.97,2023-12-27,Software
864,Marissa Martinez,rebecca95@example.com,77,Other,East Christopher,24,1300.79,2023-12-18,Gaming
865,Matthew Lee,sabrina54@example.org,48,Female,Timothyfurt,47,3654.1,2024-02-10,Accessories
866,Kelly Barker,davidturner@example.com,36,Female,New Evelynshire,0,4906.49,2024-03-01,Software
867,Sherry Cook,eoconnor@example.org,78,Male,Ronaldtown,45,1282.65,2024-05-26,Gaming
868,Cathy Guerrero,brian45@example.net,61,Male,Patriciashire,14,3270.87,2024-02-09,Accessories
869,William Ross,talvarado@example.org,71,Female,Lake Christinahaven,8,990.49,2024-02-18,Electronics
870,Christopher Richardson,jessicawoodward@example.org,56,Female,Port Derrickfurt,14,2826.65,2024-03-21,Accessories
871,Stephanie Mitchell,uwood@example.org,44,Male,North Christinemouth,48,2319.66,2023-09-28,Electronics
872,Richard Smith,meyerschristina@example.com,27,Female,Cynthiaville,23,4860.03,2023-08-31,Gaming
873,Austin Swanson,jennifer10@example.org,43,Other,West Audrey,3,3042.64,2024-03-02,Accessories
874,Tracy Clark,kenneth55@example.net,36,Other,Rebeccahaven,11,1747.53,2024-01-26,Gaming
875,Rebecca Lawrence,collierkristina@example.org,56,Other,East Lucasport,36,570.48,2024-05-11,Electronics
876,Jamie Clements,hlee@example.org,79,Female,Taylormouth,36,756.23,2024-02-04,Software
877,Claire Manning,egonzalez@example.org,20,Female,Lake Matthewfurt,42,1126.58,2023-09-05,Software
878,Kellie Alexander,connie09@example.net,62,Male,Mindymouth,5,1254.83,2023-07-16,Electronics
879,Robin Walker,leenathaniel@example.net,30,Female,East Donna,38,4253.08,2023-09-26,Software
880,Lisa Garcia,harrisonkim@example.net,67,Female,Hamiltonville,45,2806.11,2023-10-15,Software
881,Dr. Sean Garza,donna48@example.net,45,Male,Vargastown,23,2616.95,2023-11-28,Accessories
882,Dana Farmer,knightmarcus@example.org,79,Female,South Juliehaven,10,573.84,2024-02-10,Accessories
883,Rachel Whitaker,soconnor@example.com,75,Male,Reesetown,12,4300.7,2023-11-12,Software
884,Gregory Snyder,kyleharrison@example.com,37,Female,East Molly,33,3614.07,2024-05-23,Accessories
885,Kelly Brown,nicole17@example.net,45,Female,Angelicaview,24,338.34,2023-10-22,Electronics
886,Ana Jones,rodriguezalexander@example.org,25,Female,Hamptonburgh,6,3539.18,2024-06-05,Accessories
887,Justin Campbell,yangmichael@example.org,78,Female,Mcclainport,3,2717.69,2023-07-05,Accessories
888,Joshua Mayer,bmullins@example.org,58,Other,North Rickyborough,7,408.63,2023-10-02,Accessories
889,Amanda Gallagher,kpeterson@example.org,56,Other,Port Taramouth,19,2291.5,2023-12-31,Gaming
890,John Brown,david35@example.com,18,Female,Alvarezport,28,2423.48,2024-06-30,Electronics
891,Bradley Spencer,michaelpotter@example.org,20,Other,South Davidmouth,44,828.87,2023-08-11,Software
892,Jessica Smith,john66@example.com,30,Male,New Mariahaven,45,4728.49,2024-06-21,Software
893,Gail Martin,sschneider@example.net,45,Other,Waltonberg,9,4249.88,2023-09-25,Gaming
894,Ryan Melendez,kjackson@example.net,79,Male,Brittneyborough,42,3345.11,2023-10-14,Accessories
895,Dennis Rivera,melissa66@example.com,74,Male,Sandrafurt,33,2311.48,2023-10-27,Electronics
896,Robert Scott,robertwright@example.com,77,Male,Port Karla,25,2058.83,2023-07-27,Electronics
897,Lisa Hunter,peterjohnson@example.org,66,Other,West John,40,3254.87,2023-07-14,Software
898,Patricia Diaz,craigtimothy@example.net,42,Female,Jacksonhaven,48,2727.16,2023-08-02,Gaming
899,Gary Ramos,smack@example.org,73,Female,Howardstad,2,311.37,2023-10-29,Gaming
900,Jacqueline Powell,kaylahorton@example.net,50,Other,Brooksberg,5,2562.51,2024-04-22,Gaming
901,Danielle Reese,lloydanthony@example.net,55,Male,Aliciaport,4,4032.02,2024-02-23,Gaming
902,David Daniels,nicole62@example.org,70,Other,Port Jennifer,4,2296.2,2024-03-15,Electronics
903,Carrie Mcconnell,gallegoskevin@example.org,23,Female,Mortonchester,46,259.78,2023-07-26,Accessories
904,Kyle Wright,jwalters@example.com,75,Other,South Gregory,22,3931.39,2023-11-21,Software
905,Brenda Rodriguez,mwebb@example.net,61,Other,Youngland,48,1006.82,2024-05-10,Electronics
906,Brian Castro,sylviascott@example.net,62,Female,Fuentesmouth,8,1293.1,2023-11-16,Gaming
907,Kristen Lawrence,nwilliams@example.net,49,Female,Jonestown,34,823.53,2023-11-15,Gaming
908,Kimberly Ochoa,costastephanie@example.com,62,Male,East Adam,19,1651.08,2023-07-29,Software
909,Amy Wang,gregory50@example.com,78,Male,Craigtown,48,3783.76,2023-07-30,Accessories
910,Alex Wilkerson,williamsangela@example.org,64,Female,Mooreberg,41,2596.93,2023-10-08,Accessories
911,Sabrina Glenn,jason26@example.net,38,Male,Martinland,34,1024.41,2023-10-08,Accessories
912,Angela Ball,connerbobby@example.com,33,Female,Port Kyleview,49,4389.15,2024-04-18,Gaming
913,Maria Hunt,timothypayne@example.com,71,Other,Brandyhaven,17,4397.91,2024-03-15,Electronics
914,Ryan Morrow,huynhjesse@example.org,38,Male,West Scottview,16,4352.89,2023-08-18,Electronics
915,Roy Hoover,robertmontoya@example.com,28,Female,Lamland,23,1193.98,2023-10-10,Accessories
916,William Adkins,ferrellbeth@example.net,77,Other,New Andrewmouth,2,2256.2,2024-05-22,Software
917,Patricia Bennett,nlloyd@example.net,54,Other,Port Gina,31,4924.95,2023-08-05,Accessories
918,Holly Davis,butlercharles@example.org,53,Female,Devonchester,34,3860.06,2023-10-17,Accessories
919,April Long,karen06@example.net,52,Female,South Paul,37,135.84,2023-10-21,Software
920,Sarah Powers,robert36@example.net,36,Other,North Teresa,12,326.02,2023-10-07,Accessories
921,Laura Miller,anthony78@example.net,37,Other,Port Daniel,46,2319.66,2024-02-23,Software
922,Richard Gonzalez,williammunoz@example.net,74,Female,Fieldschester,24,4546.1,2023-09-17,Software
923,Lisa Bates,alexstokes@example.org,35,Female,Gonzalestown,8,2693.51,2023-12-28,Electronics
924,Jose Thomas,ronaldroberts@example.com,64,Other,North Paigeberg,3,2489.06,2024-04-04,Software
925,Tamara Anderson,floydchristy@example.org,58,Other,Buckleyville,13,527.37,2024-05-28,Accessories
926,Calvin Brown,ealexander@example.com,66,Female,Joanbury,36,3283.9,2023-09-08,Software
927,Joseph Glenn,andrew31@example.com,31,Female,West Bryanfurt,33,4110.52,2023-09-06,Accessories
928,Ryan Carlson,rcurry@example.com,32,Other,Schultzshire,10,1902.1,2024-03-31,Software
929,Christopher Gaines,jacksonnathan@example.net,48,Female,New Jenniferview,40,3878.06,2024-05-08,Electronics
930,Brian Lucero,kristie30@example.org,18,Female,East Dianabury,2,4822.38,2024-05-01,Accessories
931,Justin Cruz,elliottmatthew@example.net,70,Female,Lake Kimview,27,1018.83,2024-01-04,Accessories
932,Kristen Lucas,markstevenson@example.org,71,Female,Mitchellport,28,2616.65,2024-04-16,Accessories
933,Evelyn Fisher,brenda85@example.org,71,Male,Aaronfurt,8,1435.69,2023-10-10,Software
934,Michael Ayala,margarethernandez@example.com,20,Male,Lake Janice,2,3964.27,2024-04-15,Electronics
935,Brianna Reid,mark42@example.org,33,Other,Ashleychester,24,2887.97,2023-10-15,Electronics
936,Rachel Ray,emoore@example.net,40,Male,North Michaelview,33,3172.91,2023-07-16,Electronics
937,Jillian Gentry,hahnvictoria@example.net,74,Female,Bellburgh,11,3989.57,2023-12-28,Electronics
938,Mark Barker,ian11@example.net,28,Male,New Kim,41,1979.85,2024-04-12,Software
939,Brandon Hart,shelley99@example.org,29,Other,Moraleston,8,4575.45,2024-05-13,Accessories
940,Robert Noble,xmorrison@example.com,27,Other,Derekport,14,2665.14,2024-02-25,Gaming
941,Brian Anderson,michael81@example.net,49,Other,Bergerville,39,789.77,2024-03-05,Electronics
942,Eric Lewis,julia12@example.net,33,Male,Ericton,24,3479.5,2024-04-10,Gaming
943,Jacqueline Nicholson,harrismatthew@example.net,25,Male,New Steven,4,3966.31,2023-12-01,Software
944,Nancy Benson,ryan58@example.com,55,Male,New Patriciaburgh,10,1583.81,2024-05-25,Software
945,Lisa Garza,sharper@example.org,29,Other,Port James,33,4285.9,2024-06-09,Gaming
946,Shelly Rice,jonathanmiller@example.org,41,Female,New Stephen,23,4530.72,2023-07-17,Accessories
947,Caleb Rivas,mercerbrady@example.net,45,Female,Angelastad,14,1384.52,2023-07-31,Gaming
948,Kara Reyes,deannathan@example.org,70,Other,Whitemouth,37,4917.61,2024-02-28,Software
949,Timothy Simpson,jamiehill@example.com,25,Other,West Ian,7,703.56,2023-07-22,Gaming
950,David Torres,nflores@example.net,75,Other,Jessicachester,4,1010.08,2024-01-13,Electronics
951,Stephen Waters,conradsamuel@example.com,45,Other,North Mary,47,921.12,2023-08-19,Electronics
952,Vanessa Washington,francis59@example.com,53,Female,West Elizabethport,25,4469.95,2024-02-20,Accessories
953,John Petersen,whall@example.org,43,Male,Claireburgh,17,3271.46,2023-12-18,Gaming
954,Robin Davis,james40@example.org,25,Male,West Jenniferside,5,760.52,2023-10-18,Gaming
955,Mitchell Tyler,jason59@example.net,75,Female,East Patrickmouth,36,2201.62,2023-12-28,Gaming
956,Kyle Huff,richardsonwilliam@example.org,77,Male,Williamfort,47,3076.49,2023-07-24,Gaming
957,Jerry Dennis,daryladams@example.net,67,Female,Taylorhaven,12,417.32,2023-11-06,Accessories
958,Zachary Mckinney,fjackson@example.org,45,Male,South Kaitlyn,27,4412.08,2023-07-09,Software
959,Michael Zamora,jonstevens@example.org,45,Female,Jenniferberg,4,4018.02,2023-10-11,Accessories
960,Ashley Hernandez,burtonjohnny@example.org,54,Male,Abbottburgh,12,2526.03,2024-04-29,Software
961,Ashley Hoffman,duffyandrew@example.net,58,Other,Thompsonchester,16,4835.63,2023-12-20,Software
962,Matthew Harris,meganjones@example.com,53,Other,Petersonview,49,2088.8,2023-11-11,Software
963,Gary Schultz,smithdarren@example.net,44,Male,Daviston,39,4920.55,2024-04-27,Gaming
964,Cameron Miller,fhayes@example.com,71,Female,Youngport,44,3339.6,2024-03-12,Accessories
965,Diana Ellis,browningbenjamin@example.com,34,Male,South Brandon,31,3173.36,2024-05-29,Software
966,Steven Rivera,dustin37@example.net,26,Male,North Nathan,28,829.77,2023-09-27,Electronics
967,Michael Robles,ericalawrence@example.net,50,Other,Lake Debbieberg,2,4409.64,2023-09-25,Software
968,Benjamin Hunt,tarawilson@example.net,70,Female,Jasonburgh,39,2137.45,2023-08-08,Accessories
969,Danielle Steele,jennifertorres@example.org,37,Other,Lake Robert,33,811.17,2024-01-25,Gaming
970,Peter Wilson,brooksgary@example.org,30,Male,Kennethborough,39,63.04,2023-09-16,Electronics
971,Helen Thompson,hollowaykristine@example.org,45,Other,North Davidfurt,26,2798.78,2023-08-24,Software
972,Joel Johnson,wolfkimberly@example.org,65,Female,Villegasfort,12,2637.0,2024-05-02,Gaming
973,Kevin Hart,victoria78@example.com,46,Male,Port Edwardbury,44,3596.77,2024-05-20,Accessories
974,Tracy Morris,hinesjuan@example.org,30,Male,Hernandezland,32,4451.29,2024-01-14,Accessories
975,Melissa Arnold,rogersjoe@example.org,63,Other,Port Brandonchester,5,397.03,2023-08-21,Electronics
976,William Harding,hancockrachel@example.org,52,Female,South Coleside,23,3657.48,2024-01-28,Electronics
977,Justin Stewart,jasmine95@example.com,78,Female,Cartershire,18,937.06,2024-01-26,Software
978,Jessica Gomez,cathy43@example.net,23,Female,Sherryton,15,4290.89,2024-05-30,Gaming
979,Jeffrey Hester,katherine33@example.net,35,Female,Port Pedro,39,4095.32,2023-11-08,Gaming
980,John Morrow,carlos83@example.org,68,Female,West Kimberlyview,27,2703.97,2024-04-12,Accessories
981,Charles Sanchez,andreaanthony@example.org,22,Male,Port John,32,3551.21,2023-09-26,Accessories
982,Paul Gutierrez,breed@example.org,64,Male,New Lauraside,47,1571.75,2023-11-09,Software
983,Michael Hammond,margaret61@example.net,42,Female,Jonesstad,40,2355.84,2024-06-09,Software
984,James Flores,bryannichols@example.com,19,Female,Cesartown,12,4108.18,2024-01-15,Accessories
985,Paul Miller,mark63@example.org,27,Male,Starkmouth,42,2296.33,2023-07-24,Accessories
986,Paul Garrett,ana54@example.com,73,Male,Lake Derek,44,1788.99,2023-08-30,Gaming
987,Bonnie Rodriguez,weavermegan@example.com,47,Female,East Michaelhaven,24,2471.06,2023-09-15,Gaming
988,Joshua Delacruz,zmartin@example.com,67,Female,Lake Heather,41,4141.25,2023-07-17,Gaming
989,Melissa Medina,anna64@example.org,76,Male,West Jessicahaven,35,1676.04,2023-07-26,Software
990,Joseph Crane,natalie37@example.net,62,Other,Lauramouth,26,868.81,2023-09-22,Gaming
991,Rebecca Wilson,barbara24@example.com,22,Other,Morenoside,37,3560.07,2024-05-13,Electronics
992,Daniel Carrillo,yfoley@example.net,72,Other,Michaelbury,6,4129.89,2024-03-22,Electronics
993,Dennis Davis,lvargas@example.net,73,Male,New Craig,4,503.19,2024-03-13,Gaming
994,Richard Hartman,michaelsmall@example.net,50,Male,South Kenneth,42,1199.37,2024-06-11,Gaming
995,Andrew Lloyd,egibson@example.net,71,Male,North Katie,44,709.86,2024-07-03,Accessories
996,Andrew Reyes,gilmorejulie@example.net,18,Other,Savannahbury,30,1739.71,2024-04-22,Accessories
997,Tammy Wilson,zperez@example.com,35,Female,West Georgeside,22,2251.75,2024-03-13,Software
998,Gabriella Maldonado,jonesdavid@example.org,49,Male,New Elizabeth,41,3744.13,2023-07-30,Electronics
999,Charles Griffin,yvasquez@example.net,64,Male,Pamelaside,9,3255.74,2024-03-01,Electronics
1000,Rachel Browning,daniel64@example.org,66,Male,East Robertstad,31,3104.64,2023-09-23,Software
